"","City","Year","TotalArrests","Drunkenness","PersonalConditions","Homicides","Dismissed","TotalPolice","ActivePolice","Lodgers","Population"
"1","New York, New York",1860,65809,36947,4014,57,NA,1583,1415,NA,813669
"2","Philadelphia, Pennsylvania",1860,32051,23132,2236,31,NA,733,NA,49680,565529
"3","Brooklyn, New York",1860,15334,7203,1239,7,NA,257,198,NA,279122
"4","Chicago, Illinois",1860,NA,NA,NA,NA,NA,67,NA,NA,109206
"5","Boston, Massachusetts",1860,24466,14784,938,2,NA,297,260,17352,177840
"6","New Orleans, Louisiana",1880,18342,NA,NA,20,NA,290,286,22703,216090
"7","New York, New York",1861,71130,NA,NA,NA,NA,2023,1806,119348,826531
"8","Philadelphia, Pennsylvania",1861,NA,NA,NA,NA,NA,NA,NA,NA,573678
"9","Brooklyn, New York",1861,16552,NA,NA,NA,NA,257,199,NA,282520
"10","Chicago, Illinois",1861,NA,NA,NA,NA,NA,70,NA,NA,128183
"11","Boston, Massachusetts",1861,27297,19058,1242,22,NA,316,267,21668,185109
"12","St. Louis, Missouri",1861,6465,NA,NA,NA,NA,235,NA,NA,175782
"13","New York, New York",1862,82072,NA,NA,NA,NA,1997,1783,70938,839393
"14","Philadelphia, Pennsylvania",1862,27576,20473,1260,28,NA,NA,NA,34417,581828
"15","Brooklyn, New York",1862,19397,NA,NA,NA,NA,260,213,NA,285918
"16","Chicago, Illinois",1862,NA,NA,NA,NA,NA,NA,NA,NA,147160
"17","Boston, Massachusetts",1862,25627,16479,1222,11,NA,351,NA,11826,192377
"18","St. Louis, Missouri",1862,NA,NA,NA,NA,NA,NA,NA,NA,190191
"19","Cincinnati, Ohio",1862,7126,NA,NA,NA,NA,NA,NA,NA,172083
"20","San Francisco, California",1862,6957,2633,27,9,NA,54,NA,1858,75336
"21","Washington, DC",1862,22207,12531,602,40,6071,159,138,5250,65930
"22","Detroit, Michigan",1862,1858,492,NA,3,NA,20,NA,NA,52411
"23","Lowell, Massachusetts",1862,1476,1293,149,0,NA,25,20,511,37647
"24","New York, New York",1863,61888,NA,NA,NA,NA,1916,1711,68254,852255
"25","Philadelphia, Pennsylvania",1863,34050,25606,1040,14,NA,NA,NA,30668,589977
"26","Brooklyn, New York",1863,15324,NA,NA,NA,NA,263,207,NA,289316
"27","Chicago, Illinois",1863,NA,NA,NA,NA,NA,NA,NA,NA,166137
"28","Boston, Massachusetts",1863,28890,19043,1847,8,NA,334,274,9897,199646
"29","St. Louis, Missouri",1863,NA,NA,NA,NA,NA,NA,NA,NA,205800
"30","Cincinnati, Ohio",1863,6906,NA,NA,NA,NA,NA,NA,NA,177602
"31","San Francisco, California",1863,5422,2809,28,18,NA,54,NA,383,84603
"32","Washington, DC",1863,23912,13019,1288,39,7978,163,149,NA,70737
"33","Detroit, Michigan",1863,1640,311,NA,4,NA,20,NA,NA,55806
"34","Providence, Rhode Island",1863,1427,270,108,2,NA,99,89,1147,56137
"35","New Haven, Connecticut",1863,1539,818,57,0,NA,25,22,NA,42739
"36","Lowell, Massachusetts",1863,1940,1135,156,1,NA,25,20,420,38057
"37","New York, New York",1864,54751,32822,1889,63,NA,2014,1789,59929,865117
"38","Philadelphia, Pennsylvania",1864,35244,24992,1010,13,NA,843,688,NA,598162
"39","Brooklyn, New York",1864,14820,6281,NA,NA,NA,288,227,4977,292714
"40","Chicago, Illinois",1864,NA,NA,NA,NA,NA,NA,NA,NA,185114
"41","Boston, Massachusetts",1864,12914,4286,1276,17,NA,358,276,23638,206915
"42","St. Louis, Missouri",1864,7385,NA,NA,NA,NA,266,NA,NA,220809
"43","Baltimore, Maryland",1864,12861,7976,214,7,NA,349,298,NA,233391
"44","Cincinnati, Ohio",1864,7003,3447,724,12,NA,209,168,7266,183122
"45","San Francisco, California",1864,6887,2484,40,18,NA,54,NA,251,93870
"46","Washington, DC",1864,23545,12943,1062,28,7757,164,144,2483,75545
"47","Detroit, Michigan",1864,NA,NA,NA,NA,NA,NA,NA,NA,NA
"48","Providence, Rhode Island",1864,2531,654,131,0,NA,101,NA,NA,57961
"49","New Haven, Connecticut",1864,1838,911,45,2,NA,25,22,NA,43896
"50","Lowell, Massachusetts",1864,1825,888,266,0,NA,26,21,394,38467
"51","New York, New York",1865,68873,36779,3873,69,NA,1997,1772,64247,877979
"52","Philadelphia, Pennsylvania",1865,39315,28899,1333,21,NA,NA,NA,NA,606276
"53","Brooklyn, New York",1865,19482,8615,3450,3,NA,373,303,6124,296112
"54","Chicago, Illinois",1865,NA,NA,NA,NA,NA,142,NA,NA,204091
"55","Boston, Massachusetts",1865,17881,7031,2737,14,NA,375,305,16721,214183
"56","St. Louis, Missouri",1865,NA,NA,NA,NA,NA,266,NA,NA,235818
"57","Baltimore, Maryland",1865,NA,NA,NA,NA,NA,NA,NA,NA,NA
"58","Cincinnati, Ohio",1865,NA,NA,NA,NA,NA,NA,NA,NA,188642
"59","San Francisco, California",1865,7619,2904,31,18,NA,66,NA,496,103138
"60","Washington, DC",1865,26478,13957,1351,18,7984,167,150,2321,80353
"61","Detroit, Michigan",1865,3056,1239,NA,1,NA,51,47,445,62596
"62","Providence, Rhode Island",1865,4057,1634,314,0,NA,103,91,1714,59785
"63","New Haven, Connecticut",1865,1749,614,20,2,NA,25,NA,1422,45054
"64","Lowell, Massachusetts",1865,1683,701,230,0,NA,28,22,684,38877
"65","New York, New York",1866,75630,42583,6443,83,NA,2026,1789,115324,890841
"66","Philadelphia, Pennsylvania",1866,43226,32085,2054,29,NA,NA,NA,46250,614425
"67","Brooklyn, New York",1866,21957,9890,2073,7,NA,382,309,8261,316109
"68","Chicago, Illinois",1866,NA,NA,NA,NA,NA,NA,NA,NA,242045
"69","Boston, Massachusetts",1866,17955,9466,1746,8,NA,383,336,19579,221452
"70","St. Louis, Missouri",1866,9839,2576,1900,NA,NA,266,NA,NA,250828
"71","Baltimore, Maryland",1866,NA,NA,NA,NA,NA,NA,NA,NA,NA
"72","Cincinnati, Ohio",1866,NA,NA,NA,NA,NA,NA,NA,NA,194161
"73","San Francisco, California",1866,9240,3790,35,12,NA,84,NA,464,112405
"74","Washington, DC",1866,24542,11541,1128,15,7731,238,200,3846,85160
"75","Detroit, Michigan",1866,4096,NA,NA,NA,NA,68,56,1201,65991
"76","Providence, Rhode Island",1866,4020,1778,259,1,NA,101,89,3209,61609
"77","New Haven, Connecticut",1866,2023,874,27,0,NA,28,25,2537,46211
"78","Lowell, Massachusetts",1866,1673,871,203,0,NA,30,24,593,39287
"79","New York, New York",1867,80532,47999,5280,59,NA,2084,1848,105460,903703
"80","Philadelphia, Pennsylvania",1867,43506,31460,2328,25,NA,NA,NA,43437,622574
"81","Brooklyn, New York",1867,21078,9420,1683,11,NA,411,336,8795,336107
"82","Chicago, Illinois",1867,23315,NA,NA,7,NA,190,NA,NA,223068
"83","Boston, Massachusetts",1867,19120,8979,1625,5,NA,344,NA,20390,228720
"84","St. Louis, Missouri",1867,11589,3021,1930,NA,NA,298,NA,NA,265837
"85","Baltimore, Maryland",1867,16588,9371,837,23,255,NA,NA,10240,250873
"86","Cincinnati, Ohio",1867,8208,1645,935,21,NA,233,169,25692,199680
"87","San Francisco, California",1867,9123,3532,57,9,NA,84,NA,773,121672
"88","Washington, DC",1867,20075,9635,1100,13,6330,238,202,3473,89968
"89","Detroit, Michigan",1867,3865,1988,NA,8,NA,70,62,2359,69386
"90","Providence, Rhode Island",1867,3919,1897,216,8,NA,104,92,4115,63433
"91","New Haven, Connecticut",1867,2183,843,43,3,208,28,25,2415,47368
"92","Lowell, Massachusetts",1867,1873,975,173,6,NA,32,24,725,39697
"93","New York, New York",1868,78451,50844,3332,78,NA,2159,1921,141070,916565
"94","Philadelphia, Pennsylvania",1868,NA,NA,NA,NA,NA,NA,NA,NA,630723
"95","Brooklyn, New York",1868,18700,9690,1302,13,NA,440,368,13718,356104
"96","Chicago, Illinois",1868,NA,NA,NA,4,NA,NA,NA,NA,261022
"97","Boston, Massachusetts",1868,19975,11779,1374,12,NA,412,NA,30560,235989
"98","St. Louis, Missouri",1868,11589,6237,1845,17,NA,267,260,NA,280846
"99","Baltimore, Maryland",1868,21078,NA,NA,NA,NA,NA,NA,NA,256367
"100","Cincinnati, Ohio",1868,9101,3251,1331,10,NA,258,180,33702,205200
"101","San Francisco, California",1868,9588,NA,NA,NA,NA,84,NA,NA,130939
"102","Washington, DC",1868,18834,9009,1032,11,6409,238,200,4038,94776
"103","Detroit, Michigan",1868,3619,1766,NA,4,NA,73,62,2369,72781
"104","Milwaukee, Wisconsin",1868,2001,1033,155,NA,NA,39,35,251,66208
"105","Providence, Rhode Island",1868,5045,2423,269,0,NA,113,NA,4277,65256
"106","New Haven, Connecticut",1868,2096,726,38,1,NA,33,31,2492,48525
"107","Lowell, Massachusetts",1868,2028,1253,149,0,NA,35,26,864,40107
"108","New York, New York",1869,72984,47656,2591,57,NA,2232,1922,135591,929427
"109","Philadelphia, Pennsylvania",1869,38749,28992,2104,19,NA,NA,NA,76457,638873
"110","Brooklyn, New York",1869,18730,9713,1181,8,NA,446,366,15147,376102
"111","Chicago, Illinois",1869,NA,NA,NA,NA,NA,NA,NA,NA,279999
"112","Boston, Massachusetts",1869,21842,13905,1643,25,NA,443,NA,28553,243257
"113","St. Louis, Missouri",1869,13196,5626,2815,22,NA,278,260,NA,295855
"114","Baltimore, Maryland",1869,21543,NA,NA,NA,NA,NA,NA,NA,261860
"115","Cincinnati, Ohio",1869,8291,3267,1150,4,NA,272,188,23633,210720
"116","San Francisco, California",1869,11882,6350,99,26,NA,104,NA,1173,140206
"117","Washington, DC",1869,17296,7656,1193,14,6712,238,200,4019,99584
"118","Detroit, Michigan",1869,3355,1774,NA,9,NA,77,66,2648,76176
"119","Milwaukee, Wisconsin",1869,1775,907,127,2,154,39,35,NA,68828
"120","Providence, Rhode Island",1869,5044,2896,360,2,NA,113,NA,3858,67080
"121","New Haven, Connecticut",1869,2379,934,83,3,NA,42,39,2224,49683
"122","Lowell, Massachusetts",1869,1990,1259,113,0,NA,35,26,1019,40517
"123","New York, New York",1870,83380,NA,NA,NA,NA,2100,NA,NA,NA
"124","Philadelphia, Pennsylvania",1870,31717,23734,1635,37,NA,NA,NA,69318,647022
"125","Brooklyn, New York",1870,NA,NA,NA,NA,NA,NA,NA,NA,396099
"126","Chicago, Illinois",1870,28078,18692,1201,14,NA,372,350,2755,298977
"127","Boston, Massachusetts",1870,28858,14569,1578,29,NA,500,406,30730,250526
"128","St. Louis, Missouri",1870,14068,5616,1233,NA,NA,348,304,NA,310864
"129","Baltimore, Maryland",1870,8171,5509,437,13,NA,NA,NA,NA,267354
"130","Cincinnati, Ohio",1870,7358,3051,921,17,NA,254,188,15145,216239
"131","San Francisco, California",1870,13644,5840,168,31,NA,104,NA,1588,149473
"132","Newark, New Jersey",1870,4096,2342,338,1,1075,110,94,8807,104789
"133","Washington, DC",1870,15603,6821,775,10,5748,238,198,3696,109199
"134","Louisville, Kentucky",1870,5014,2427,37,21,1123,136,122,948,100753
"135","Detroit, Michigan",1870,3577,1713,218,4,752,84,78,2734,79577
"136","Milwaukee, Wisconsin",1870,1649,784,174,2,277,39,35,564,71448
"137","Providence, Rhode Island",1870,5639,3105,316,0,NA,122,109,4383,68904
"138","New Haven, Connecticut",1870,2495,1009,61,12,NA,46,NA,3375,50840
"139","Lowell, Massachusetts",1870,2212,1505,109,0,NA,35,26,1487,40928
"140","New York, New York",1871,75692,50849,1945,34,NA,2321,2075,141780,968691
"141","Philadelphia, Pennsylvania",1871,NA,NA,NA,NA,NA,NA,NA,NA,667037
"142","Brooklyn, New York",1871,17586,9710,824,8,NA,449,364,14800,413802
"143","Chicago, Illinois",1871,NA,NA,NA,NA,NA,327,NA,NA,319409
"144","Boston, Massachusetts",1871,25201,15587,1608,9,NA,468,384,34938,261754
"145","St. Louis, Missouri",1871,17484,6642,2022,NA,NA,392,354,NA,314829
"146","Baltimore, Maryland",1871,8367,6364,276,16,NA,NA,NA,NA,273850
"147","Cincinnati, Ohio",1871,7794,3612,795,9,NA,279,214,16552,220129
"148","San Francisco, California",1871,12332,5237,156,21,NA,104,NA,1911,157922
"149","Washington, DC",1871,11462,4962,597,10,NA,238,200,4409,113008
"150","Newark, New Jersey",1871,5537,3377,448,3,2167,149,130,NA,108204
"151","Louisville, Kentucky",1871,6965,3547,70,15,1602,205,161,1824,103054
"152","Detroit, Michigan",1871,3929,2259,187,9,186,89,78,2726,83253
"153","Providence, Rhode Island",1871,6427,4467,306,0,NA,142,NA,3851,72499
"154","New Haven, Connecticut",1871,5363,2483,144,4,NA,51,49,4476,52044
"155","Lowell, Massachusetts",1871,NA,NA,NA,NA,NA,NA,NA,NA,42783
"156","New York, New York",1872,84514,60185,2553,63,NA,2236,1984,147427,995092
"157","Philadelphia, Pennsylvania",1872,40386,20213,1786,30,NA,NA,NA,59674,687052
"158","Brooklyn, New York",1872,15906,7262,704,14,NA,573,429,8676,431506
"159","Chicago, Illinois",1872,21931,13781,881,13,NA,449,425,8023,339819
"160","Boston, Massachusetts",1872,27902,17758,2082,14,NA,520,445,36059,272981
"161","St. Louis, Missouri",1872,19308,10908,2407,15,NA,NA,401,NA,318795
"162","Baltimore, Maryland",1872,10122,8173,213,13,NA,NA,NA,NA,280346
"163","Cincinnati, Ohio",1872,9592,4711,959,12,NA,293,218,19972,224019
"164","San Francisco, California",1872,11035,5031,192,25,NA,104,NA,NA,166370
"165","Cleveland, Ohio",1872,4967,2766,362,3,NA,127,108,NA,99561
"166","Buffalo, New York",1872,10534,6297,NA,NA,NA,159,95,NA,125198
"167","Washington, DC",1872,11306,4924,292,19,4526,238,198,4838,116818
"168","Newark, New Jersey",1872,6377,4183,483,5,2487,170,143,NA,111349
"169","Louisville, Kentucky",1872,NA,NA,NA,NA,NA,NA,NA,NA,105354
"170","Detroit, Michigan",1872,3839,2556,130,6,536,100,85,2418,86930
"171","Providence, Rhode Island",1872,8110,5535,255,2,NA,162,NA,4302,76095
"172","Richmond, Virginia",1872,6121,NA,NA,NA,NA,84,54,NA,53550
"173","New Haven, Connecticut",1872,4964,2338,150,1,NA,75,70,2285,53248
"174","Lowell, Massachusetts",1872,NA,NA,NA,NA,NA,NA,NA,NA,44637
"175","New York, New York",1873,95760,NA,NA,58,NA,NA,NA,178000,1021493
"176","Philadelphia, Pennsylvania",1873,30886,22002,1785,18,NA,1092,975,62460,707066
"177","Brooklyn, New York",1873,25588,7361,1127,9,NA,569,465,27107,449209
"178","Chicago, Illinois",1873,31585,NA,NA,NA,NA,458,NA,NA,360239
"179","Boston, Massachusetts",1873,27845,17444,1792,17,NA,571,480,47661,284209
"180","St. Louis, Missouri",1873,19463,11044,2297,19,NA,369,325,NA,322760
"181","Baltimore, Maryland",1873,10116,7966,272,12,NA,NA,NA,NA,286842
"182","Cincinnati, Ohio",1873,11178,4076,1146,19,NA,333,254,17008,227909
"183","San Francisco, California",1873,12810,5784,81,25,NA,104,NA,NA,174819
"184","Cleveland, Ohio",1873,8579,5131,596,5,614,161,132,4257,113024
"185","Buffalo, New York",1873,12535,7542,661,6,NA,204,122,4305,128940
"186","Washington, DC",1873,11781,5054,622,16,4650,238,200,4252,120627
"187","Newark, New Jersey",1873,6752,4193,680,1,2762,177,150,19090,114494
"188","Louisville, Kentucky",1873,6555,2836,32,14,NA,185,140,2471,107654
"189","Detroit, Michigan",1873,4861,3388,247,7,589,121,97,4219,90606
"190","Milwaukee, Wisconsin",1873,2100,1263,200,2,NA,42,NA,422,84690
"191","Providence, Rhode Island",1873,9337,6682,365,2,NA,186,140,6646,79690
"192","Richmond, Virginia",1873,6393,3367,250,5,NA,84,69,NA,54807
"193","New Haven, Connecticut",1873,5227,2663,169,0,NA,88,81,3230,54453
"194","Lowell, Massachusetts",1873,NA,NA,NA,NA,NA,NA,NA,NA,46492
"195","New York, New York",1874,84821,59041,3512,NA,35565,NA,NA,NA,1047890
"196","Philadelphia, Pennsylvania",1874,32114,24206,2424,65,NA,1092,1000,40857,727081
"197","Brooklyn, New York",1874,26263,12403,1947,19,NA,591,469,42286,466913
"198","Chicago, Illinois",1874,27995,15993,1582,14,NA,549,525,5148,380660
"199","Boston, Massachusetts",1874,29799,18663,1831,14,NA,661,560,58449,295437
"200","St. Louis, Missouri",1874,20655,11563,2539,11,NA,466,401,NA,326726
"201","Baltimore, Maryland",1874,NA,NA,NA,NA,NA,NA,NA,NA,293338
"202","Cincinnati, Ohio",1874,14845,5545,1215,26,NA,330,NA,NA,231799
"203","San Francisco, California",1874,13007,6001,56,27,NA,121,NA,NA,183267
"204","Cleveland, Ohio",1874,9571,4842,864,6,758,163,132,NA,119756
"205","Buffalo, New York",1874,10043,5197,565,10,NA,201,124,7197,132682
"206","Washington, DC",1874,13192,5373,854,10,4945,238,200,7177,124437
"207","Newark, New Jersey",1874,6400,3790,657,1,2899,178,150,25584,117639
"208","Louisville, Kentucky",1874,NA,NA,NA,NA,NA,187,NA,NA,109955
"209","Detroit, Michigan",1874,4935,3118,434,10,751,144,119,7553,94282
"210","Milwaukee, Wisconsin",1874,2444,1201,182,NA,NA,50,41,626,89104
"211","Providence, Rhode Island",1874,8440,5322,581,2,NA,186,140,9369,83285
"212","Richmond, Virginia",1874,6123,2413,209,11,NA,82,67,1069,56063
"213","New Haven, Connecticut",1874,5109,2554,215,2,NA,88,81,4766,55657
"214","Lowell, Massachusetts",1874,NA,NA,NA,NA,NA,NA,NA,NA,48347
"215","New York, New York",1875,84399,53647,4298,NA,29733,NA,NA,NA,1074290
"216","Philadelphia, Pennsylvania",1875,34978,25141,3233,60,NA,1291,1200,67474,747096
"217","Brooklyn, New York",1875,24700,11720,1686,28,8506,589,462,55567,484616
"218","Chicago, Illinois",1875,24232,13392,2080,22,NA,591,510,4832,401081
"219","Boston, Massachusetts",1875,30445,17718,1837,25,NA,700,580,62740,306664
"220","St. Louis, Missouri",1875,20515,7213,2477,NA,NA,NA,401,NA,330691
"221","Baltimore, Maryland",1875,14130,10793,581,12,NA,NA,NA,NA,299834
"222","Cincinnati, Ohio",1875,10825,4234,1351,13,NA,330,264,NA,235689
"223","San Francisco, California",1875,16820,2451,108,42,NA,152,NA,NA,191716
"224","Cleveland, Ohio",1875,8823,3771,1009,13,603,161,145,14645,126488
"225","Buffalo, New York",1875,9991,4844,922,6,NA,205,126,6588,136424
"226","Washington, DC",1875,14152,6051,946,19,4691,238,197,12084,128246
"227","Newark, New Jersey",1875,6482,3827,665,4,2023,177,150,23436,120784
"228","Louisville, Kentucky",1875,4562,1618,22,8,NA,187,140,NA,112256
"229","Detroit, Michigan",1875,4109,1240,458,10,694,155,121,8737,97958
"230","Milwaukee, Wisconsin",1875,2278,1141,NA,5,NA,55,NA,1306,93518
"231","Providence, Rhode Island",1875,8699,5637,646,2,1502,187,NA,7397,86880
"232","Richmond, Virginia",1875,5520,1801,160,5,NA,84,69,2130,57319
"233","New Haven, Connecticut",1875,5092,2732,157,3,NA,82,75,5335,56861
"234","Lowell, Massachusetts",1875,NA,NA,NA,NA,NA,NA,NA,NA,50202
"235","New York, New York",1876,87307,55942,5073,NA,30199,NA,NA,NA,1100690
"236","Philadelphia, Pennsylvania",1876,NA,NA,NA,NA,NA,NA,NA,NA,767111
"237","Brooklyn, New York",1876,26669,12405,1786,21,6848,618,488,49824,501031
"238","Chicago, Illinois",1876,27291,13280,3192,11,6324,517,492,7464,421502
"239","Boston, Massachusetts",1876,30041,16043,1782,19,NA,700,578,63726,317892
"240","St. Louis, Missouri",1876,22851,9274,2118,25,NA,NA,401,40918,334656
"241","Baltimore, Maryland",1876,26816,8789,671,2,6078,NA,NA,53914,306329
"242","Cincinnati, Ohio",1876,11846,5086,1968,14,NA,335,NA,75331,239549
"243","San Francisco, California",1876,20108,8001,165,45,NA,150,NA,NA,200165
"244","Cleveland, Ohio",1876,8407,3870,825,12,751,162,123,4374,133219
"245","Buffalo, New York",1876,8858,3704,994,1,NA,204,127,5881,140166
"246","Washington, DC",1876,14144,5927,1060,7,4912,238,187,13278,132055
"247","Newark, New Jersey",1876,6270,3578,727,1,1503,177,150,21331,123927
"248","Louisville, Kentucky",1876,5514,2359,236,6,NA,183,136,7560,114556
"249","Detroit, Michigan",1876,3879,1765,516,7,661,155,126,8022,101635
"250","Providence, Rhode Island",1876,7924,4811,599,4,NA,190,NA,10671,90476
"251","Richmond, Virginia",1876,5811,1996,211,5,NA,89,69,1791,58575
"252","New Haven, Connecticut",1876,4756,2505,163,1,NA,79,68,4786,58065
"253","Lowell, Massachusetts",1876,2328,1287,131,1,NA,52,45,2478,52056
"254","New York, New York",1877,79865,50875,7187,NA,NA,NA,NA,96343,1127090
"255","Philadelphia, Pennsylvania",1877,44600,30078,5380,53,NA,1240,1175,136055,787126
"256","Chicago, Illinois",1877,28035,13178,3535,14,6262,516,481,7911,441923
"257","Boston, Massachusetts",1877,26683,14948,1813,12,NA,700,579,62719,319120
"258","St. Louis, Missouri",1877,19427,6260,2080,NA,NA,NA,401,NA,338622
"259","Baltimore, Maryland",1877,26195,6576,886,6,7643,NA,NA,52315,312825
"260","Cincinnati, Ohio",1877,14206,4491,5524,10,NA,338,229,60875,243469
"261","San Francisco, California",1877,21789,8706,224,39,NA,154,NA,NA,208613
"262","Cleveland, Ohio",1877,7845,3653,647,14,720,161,123,4861,139951
"263","Buffalo, New York",1877,8126,3089,1047,8,299,203,128,5876,143908
"264","Washington, DC",1877,12983,4983,1092,7,4450,238,175,14208,135865
"265","Newark, New Jersey",1877,5129,2457,563,2,1143,177,150,16538,127071
"266","Louisville, Kentucky",1877,6034,1733,NA,NA,NA,191,133,NA,116856
"267","Detroit, Michigan",1877,4657,1950,921,4,904,158,131,8139,105311
"268","Providence, Rhode Island",1877,6754,4212,664,1,NA,190,165,11022,94071
"269","Rochester, New York",1877,4201,1689,201,2,NA,87,69,1821,81272
"270","Richmond, Virginia",1877,4715,1454,207,4,NA,84,69,1788,59831
"271","New Haven, Connecticut",1877,3926,1877,191,0,NA,71,66,5568,59269
"272","Lowell, Massachusetts",1877,2291,1157,202,1,NA,51,45,2669,53911
"273","New York, New York",1878,78533,47456,6334,NA,NA,NA,NA,NA,1153490
"274","Philadelphia, Pennsylvania",1878,43593,30552,4827,39,NA,1310,NA,148137,807140
"275","Brooklyn, New York",1878,25373,10813,1749,22,6862,628,494,32805,533860
"276","Chicago, Illinois",1878,27208,12600,3771,10,7404,443,409,10614,462343
"277","Boston, Massachusetts",1878,25817,13976,1626,12,NA,700,579,47291,340348
"278","St. Louis, Missouri",1878,18057,8047,2101,16,NA,NA,401,NA,342587
"279","Baltimore, Maryland",1878,24802,14115,1558,14,6247,NA,NA,24343,319321
"280","Cincinnati, Ohio",1878,14512,3587,6846,10,NA,355,229,43641,247359
"281","San Francisco, California",1878,18627,6500,244,51,NA,172,NA,NA,217062
"282","Cleveland, Ohio",1878,7151,3585,463,3,539,162,123,2331,146683
"283","Buffalo, New York",1878,8126,3274,1241,2,364,205,131,4268,147650
"284","Washington, DC",1878,12333,4843,1163,10,4998,232,174,13151,139674
"285","Newark, New Jersey",1878,4988,2565,400,1,875,177,149,16102,130215
"286","Louisville, Kentucky",1878,4776,2666,242,11,NA,177,134,NA,119157
"287","Detroit, Michigan",1878,4332,2156,520,18,537,165,131,8744,108987
"288","Providence, Rhode Island",1878,6056,3887,555,0,NA,190,NA,4717,97666
"289","Rochester, New York",1878,NA,NA,NA,NA,NA,NA,NA,NA,83970
"290","Richmond, Virginia",1878,4390,1393,339,4,NA,84,66,920,61088
"291","New Haven, Connecticut",1878,4434,2258,191,2,NA,77,74,3925,60474
"292","Lowell, Massachusetts",1878,2708,1596,418,1,NA,52,45,2556,55766
"293","New York, New York",1879,65334,41460,5762,NA,NA,NA,NA,NA,1177990
"294","Philadelphia, Pennsylvania",1879,40714,29137,3711,49,NA,1379,1200,109673,827155
"295","Brooklyn, New York",1879,25706,9916,2869,13,7169,632,499,27366,550274
"296","Chicago, Illinois",1879,27338,14577,2978,14,10479,453,NA,8629,482764
"297","Boston, Massachusetts",1879,24507,14267,NA,NA,NA,700,579,32836,351575
"298","St. Louis, Missouri",1879,14036,6572,1500,10,NA,527,401,NA,346553
"299","Baltimore, Maryland",1879,20787,10457,1119,12,5307,594,500,14619,325817
"300","Cincinnati, Ohio",1879,13329,3301,6322,17,NA,354,240,47658,251249
"301","San Francisco, California",1879,22120,9623,158,35,NA,329,NA,NA,225510
"302","Cleveland, Ohio",1879,6549,3510,427,2,708,162,123,1751,153414
"303","Buffalo, New York",1879,6697,2795,854,4,117,204,135,2947,151392
"304","Washington, DC",1879,12610,4986,1144,14,5342,238,182,12907,143484
"305","Newark, New Jersey",1879,4191,NA,NA,NA,NA,144,127,15522,133359
"306","Louisville, Kentucky",1879,4567,2211,180,4,NA,144,99,NA,121458
"307","Detroit, Michigan",1879,3922,2131,325,5,722,156,128,11099,112664
"308","Providence, Rhode Island",1879,5328,3500,503,1,1195,175,NA,NA,101262
"309","Rochester, New York",1879,NA,NA,NA,NA,NA,NA,NA,NA,86668
"310","Richmond, Virginia",1879,4184,1421,209,2,NA,84,66,290,62344
"311","New Haven, Connecticut",1879,3947,2477,140,3,NA,84,81,1595,61678
"312","Lowell, Massachusetts",1879,2559,1540,236,0,NA,54,44,1997,57620
"313","New York, New York",1880,68477,44292,6149,NA,NA,2519,2241,NA,1206299
"314","Philadelphia, Pennsylvania",1880,44315,32846,3152,28,NA,1379,1200,76668,847170
"315","Brooklyn, New York",1880,26785,12266,1764,43,6729,630,504,23206,566663
"316","Chicago, Illinois",1880,28480,14294,1705,12,10253,473,390,13172,503185
"317","Boston, Massachusetts",1880,24884,17329,1468,11,NA,697,577,26856,362839
"318","Baltimore, Maryland",1880,22021,12072,551,27,6446,594,500,13041,332313
"319","St. Louis, Missouri",1880,14160,7933,1101,16,NA,481,401,NA,350518
"320","Cincinnati, Ohio",1880,14592,4160,7076,14,NA,343,272,40046,255139
"321","San Francisco, California",1880,21063,9458,167,35,NA,340,NA,NA,233959
"322","Cleveland, Ohio",1880,7432,4095,384,7,810,161,123,1237,160146
"323","Buffalo, New York",1880,9012,2660,1047,3,492,193,121,3203,155134
"324","Washington, DC",1880,13558,5819,1150,10,6188,238,175,7461,147293
"325","Newark, New Jersey",1880,5042,2668,277,3,1158,164,147,16171,136508
"326","Louisville, Kentucky",1880,4712,2161,120,20,NA,141,96,NA,123758
"327","Detroit, Michigan",1880,4284,1634,209,11,717,178,134,8810,116340
"328","Milwaukee, Wisconsin",1880,3141,NA,NA,1,NA,87,75,1689,115587
"329","Providence, Rhode Island",1880,6506,4600,491,1,2004,172,145,NA,104857
"330","Rochester, New York",1880,NA,NA,NA,NA,NA,NA,NA,NA,89366
"331","Richmond, Virginia",1880,3946,1239,156,3,NA,84,66,417,63600
"332","New Haven, Connecticut",1880,4611,3206,76,0,NA,84,81,776,62882
"333","Lowell, Massachusetts",1880,2776,1803,169,0,NA,58,46,1252,59475
"334","New York, New York",1881,67135,42612,5795,NA,NA,NA,NA,NA,1237200
"335","Philadelphia, Pennsylvania",1881,45129,33297,3252,31,NA,NA,NA,79620,867149
"336","Brooklyn, New York",1881,28889,15242,1922,28,NA,639,509,21891,590631
"337","Chicago, Illinois",1881,31713,15971,1568,16,11173,506,394,12815,562852
"338","Boston, Massachusetts",1881,28521,18791,1337,7,NA,752,604,26856,371403
"339","St. Louis, Missouri",1881,15443,6338,1213,17,NA,NA,401,NA,360643
"340","Baltimore, Maryland",1881,24717,15155,697,24,7112,594,500,13543,342526
"341","Cincinnati, Ohio",1881,13192,3248,6264,23,NA,351,256,29056,259316
"342","San Francisco, California",1881,23011,11731,274,34,NA,400,NA,NA,240463
"343","Cleveland, Ohio",1881,7465,NA,NA,NA,NA,168,NA,1504,170267
"344","Buffalo, New York",1881,9086,4784,984,6,598,206,128,3240,165187
"345","Washington, DC",1881,13942,5387,1480,9,6839,238,175,3930,151457
"346","Newark, New Jersey",1881,5726,2413,392,3,1152,164,147,16044,140960
"347","Louisville, Kentucky",1881,6420,2914,NA,NA,NA,155,NA,NA,127495
"348","Detroit, Michigan",1881,4610,2701,317,17,852,185,146,5945,125294
"349","Providence, Rhode Island",1881,7741,5700,783,1,2318,172,NA,NA,107586
"350","Rochester, New York",1881,NA,NA,NA,NA,NA,NA,NA,NA,93819
"351","Richmond, Virginia",1881,4313,1432,152,7,NA,84,66,431,65379
"352","New Haven, Connecticut",1881,4848,3456,NA,3,NA,80,72,1095,65198
"353","Lowell, Massachusetts",1881,3144,1982,185,1,NA,71,66,880,61297
"354","New York, New York",1882,67729,42491,5817,117,NA,NA,NA,NA,1268100
"355","Philadelphia, Pennsylvania",1882,46130,33848,3677,25,NA,1351,1200,78627,887129
"356","Brooklyn, New York",1882,27610,13413,1989,25,6132,643,498,20407,614599
"357","Chicago, Illinois",1882,32800,18036,1514,9,10743,557,380,10160,622518
"358","Boston, Massachusetts",1882,30777,18602,1506,11,NA,755,614,NA,379967
"359","St. Louis, Missouri",1882,18555,7117,1445,22,NA,495,362,NA,370768
"360","Baltimore, Maryland",1882,23902,14520,523,20,7453,NA,NA,11044,352738
"361","Cincinnati, Ohio",1882,15539,3355,6320,18,NA,350,241,25375,263493
"362","San Francisco, California",1882,25969,11666,288,38,NA,400,NA,NA,246967
"363","Cleveland, Ohio",1882,6741,3908,260,2,603,175,137,2200,180387
"364","Buffalo, New York",1882,10258,5619,1203,7,729,229,154,4578,175240
"365","Washington, DC",1882,14552,5750,999,10,6698,238,175,3627,155621
"366","Newark, New Jersey",1882,5715,2926,626,1,1167,164,147,14467,145412
"367","Louisville, Kentucky",1882,7466,4482,244,43,NA,155,NA,NA,131232
"368","Detroit, Michigan",1882,5148,3273,362,8,889,194,153,2840,134247
"369","Providence, Rhode Island",1882,7033,5308,473,3,1944,178,NA,1829,110315
"370","Rochester, New York",1882,NA,NA,NA,NA,NA,NA,NA,NA,98272
"371","Richmond, Virginia",1882,4762,1638,118,1,NA,84,66,455,67158
"372","New Haven, Connecticut",1882,5642,3984,130,0,NA,77,73,1492,67515
"373","Lowell, Massachusetts",1882,2849,1950,35,2,NA,57,52,1276,63119
"374","New York, New York",1883,70701,43872,6020,NA,NA,NA,NA,NA,1299000
"375","Philadelphia, Pennsylvania",1883,45612,32618,4291,42,NA,1415,1250,84352,907108
"376","Brooklyn, New York",1883,26819,NA,NA,NA,NA,686,NA,NA,638567
"377","Chicago, Illinois",1883,37187,21415,1238,5,13661,637,426,16366,682184
"378","Boston, Massachusetts",1883,30677,19322,1792,10,NA,779,642,17722,388530
"379","St. Louis, Missouri",1883,18312,3816,4089,30,NA,448,401,NA,380894
"380","Baltimore, Maryland",1883,24355,15014,724,25,8415,620,525,17989,362951
"381","Cincinnati, Ohio",1883,13255,2985,6621,27,NA,351,249,29328,267670
"382","San Francisco, California",1883,24149,11642,572,45,NA,400,NA,NA,253470
"383","Cleveland, Ohio",1883,7254,4347,299,4,591,206,164,4494,190508
"384","Buffalo, New York",1883,9349,4596,1212,7,518,273,166,5378,185293
"385","Washington, DC",1883,15607,5104,1044,10,6862,232,163,1978,159785
"386","Newark, New Jersey",1883,5504,2151,484,2,1094,164,147,17596,149865
"387","Louisville, Kentucky",1883,8746,NA,NA,NA,NA,155,NA,NA,134969
"388","Detroit, Michigan",1883,6322,4221,430,3,1970,193,150,2117,143201
"389","Milwaukee, Wisconsin",1883,3667,2107,NA,6,428,90,NA,NA,142251
"390","Providence, Rhode Island",1883,6527,4883,472,0,1591,184,NA,2454,113044
"391","Rochester, New York",1883,NA,NA,NA,NA,NA,NA,NA,NA,102725
"392","Richmond, Virginia",1883,4566,1584,127,1,NA,84,65,709,68936
"393","New Haven, Connecticut",1883,5789,4171,159,4,NA,76,66,2204,69831
"394","Lowell, Massachusetts",1883,3257,1775,181,0,NA,67,59,1952,64941
"395","New York, New York",1884,70254,NA,NA,81,NA,2832,2506,NA,1329900
"396","Philadelphia, Pennsylvania",1884,46767,36081,4260,24,NA,1428,1157,105312,927088
"397","Brooklyn, New York",1884,26119,12494,1604,30,NA,718,574,23640,662535
"398","Chicago, Illinois",1884,39434,23080,1210,10,13775,924,NA,25141,741851
"399","Boston, Massachusetts",1884,31200,19497,1402,10,NA,779,638,24164,397094
"400","St. Louis, Missouri",1884,19208,9980,1966,19,NA,483,401,NA,391019
"401","Baltimore, Maryland",1884,26177,16732,713,21,8047,631,525,25034,373163
"402","Cincinnati, Ohio",1884,12774,3040,6094,22,NA,351,274,33076,271847
"403","San Francisco, California",1884,25591,11738,516,44,NA,400,NA,NA,259974
"404","Cleveland, Ohio",1884,7271,3839,520,16,579,211,167,NA,200629
"405","Buffalo, New York",1884,10588,5104,1939,7,742,292,175,3432,195346
"406","Washington, DC",1884,17934,6307,1732,12,7586,247,186,4550,163949
"407","Newark, New Jersey",1884,5293,2663,504,0,1470,165,148,22578,154317
"408","Louisville, Kentucky",1884,8176,NA,NA,NA,NA,155,NA,NA,138706
"409","Detroit, Michigan",1884,7419,4471,647,4,1292,228,171,2660,152154
"410","Milwaukee, Wisconsin",1884,3237,2143,NA,2,NA,90,NA,NA,151139
"411","Providence, Rhode Island",1884,6422,4671,502,1,1195,185,138,2737,115773
"412","Rochester, New York",1884,NA,NA,NA,NA,NA,NA,NA,NA,107178
"413","Richmond, Virginia",1884,4625,1626,152,2,NA,84,63,1127,70715
"414","New Haven, Connecticut",1884,5976,4185,287,0,NA,87,77,2986,72147
"415","Lowell, Massachusetts",1884,3332,2301,204,0,NA,71,64,2675,66763
"416","New York, New York",1885,74315,43060,5427,93,NA,2889,2573,134345,1360800
"417","Philadelphia, Pennsylvania",1885,51418,36672,4091,36,NA,1456,1157,121404,947067
"418","Brooklyn, New York",1885,27391,13130,1593,40,7166,758,602,26881,686503
"419","Chicago, Illinois",1885,40998,25407,1272,6,15098,926,653,54940,801518
"420","Boston, Massachusetts",1885,28932,18319,1403,18,NA,789,640,25793,405658
"421","St. Louis, Missouri",1885,19330,8728,1123,18,NA,525,440,NA,401144
"422","Baltimore, Maryland",1885,26804,17981,924,NA,7212,631,525,27888,383376
"423","Cincinnati, Ohio",1885,8039,3240,NA,21,NA,356,280,37642,276024
"424","San Francisco, California",1885,24434,10922,792,40,7836,400,NA,NA,266478
"425","Cleveland, Ohio",1885,6882,3205,495,6,NA,214,169,NA,210750
"426","Buffalo, New York",1885,10980,5462,2083,3,321,304,189,3856,205399
"427","Washington, DC",1885,23225,6433,1750,11,10130,262,202,6129,168172
"428","Newark, New Jersey",1885,5263,2541,515,3,1088,164,147,32933,158769
"429","Louisville, Kentucky",1885,7497,NA,NA,NA,NA,NA,NA,NA,142443
"430","Detroit, Michigan",1885,7708,3866,962,4,1249,230,174,7405,161108
"431","Milwaukee, Wisconsin",1885,3597,2347,350,2,441,93,73,3910,160027
"432","Providence, Rhode Island",1885,6178,4566,365,1,1501,196,154,2867,118502
"433","Rochester, New York",1885,NA,NA,NA,NA,NA,NA,NA,NA,111631
"434","Richmond, Virginia",1885,4634,1575,262,2,NA,84,63,1010,72494
"435","New Haven, Connecticut",1885,5642,4095,197,1,NA,91,75,3545,74464
"436","Lowell, Massachusetts",1885,2771,1690,199,2,NA,71,62,3393,68585
"437","New York, New York",1886,73928,44071,5518,84,NA,3216,2899,131503,1391700
"438","Philadelphia, Pennsylvania",1886,NA,NA,NA,NA,NA,NA,NA,NA,967046
"439","Brooklyn, New York",1886,25709,12994,NA,NA,NA,872,NA,24208,710471
"440","Chicago, Illinois",1886,44261,NA,NA,29,NA,1032,NA,91084,NA
"441","Boston, Massachusetts",1886,28510,17404,1261,23,NA,819,NA,NA,414222
"442","St. Louis, Missouri",1886,18851,8926,477,NA,NA,NA,440,NA,411270
"443","Baltimore, Maryland",1886,27200,NA,NA,NA,NA,725,NA,NA,393589
"444","Cincinnati, Ohio",1886,17660,3225,6624,22,NA,361,256,39846,280200
"445","San Francisco, California",1886,26587,10233,885,33,8831,406,NA,NA,272882
"446","Cleveland, Ohio",1886,6732,3858,269,6,493,213,169,NA,220870
"447","Buffalo, New York",1886,9544,4532,1528,7,487,304,185,4199,215452
"448","Washington, DC",1886,22388,7560,3736,15,8446,267,195,5033,172276
"449","Newark, New Jersey",1886,5366,2893,393,10,1226,200,152,13395,163221
"450","Louisville, Kentucky",1886,6893,4968,299,18,NA,156,121,NA,146180
"451","Detroit, Michigan",1886,8187,5124,703,5,1503,267,215,2208,170062
"452","Milwaukee, Wisconsin",1886,3726,2483,349,1,346,152,123,3327,168915
"453","Providence, Rhode Island",1886,5337,3765,323,2,826,200,156,2799,121230
"454","Rochester, New York",1886,NA,NA,NA,NA,NA,NA,NA,NA,116084
"455","Richmond, Virginia",1886,5052,1733,263,0,NA,92,NA,375,74273
"456","New Haven, Connecticut",1886,5802,4257,238,3,NA,92,76,3911,76780
"457","Lowell, Massachusetts",1886,3393,2273,150,1,NA,70,62,3313,70407
"458","New York, New York",1887,81176,47258,5603,98,NA,3208,2940,128635,1422600
"459","Philadelphia, Pennsylvania",1887,57944,42207,3219,72,NA,1513,1270,13262,987026
"460","Brooklyn, New York",1887,28567,14030,NA,NA,NA,985,707,20998,734439
"461","Chicago, Illinois",1887,46505,NA,NA,29,NA,1145,1026,23405,920850
"462","Boston, Massachusetts",1887,30681,19927,1283,9,2962,851,649,NA,422786
"463","St. Louis, Missouri",1887,19046,8469,674,28,NA,596,440,6524,421395
"464","Baltimore, Maryland",1887,29538,NA,NA,NA,NA,771,640,NA,403801
"465","Cincinnati, Ohio",1887,19554,5959,7095,14,NA,478,336,6103,284377
"466","San Francisco, California",1887,20385,19368,693,60,8695,406,336,NA,279486
"467","New Orleans, Louisiana",1887,16800,NA,NA,NA,NA,294,225,NA,228522
"468","Cleveland, Ohio",1887,8588,5294,295,9,NA,235,182,NA,230991
"469","Buffalo, New York",1887,12404,NA,NA,NA,NA,340,200,NA,225505
"470","Washington, DC",1887,19975,7338,1756,3,8451,277,255,4198,176440
"471","Newark, New Jersey",1887,6294,3595,443,7,1668,182,133,1328,167673
"472","Louisville, Kentucky",1887,6857,5038,259,14,NA,156,121,NA,149917
"473","Detroit, Michigan",1887,9400,6160,907,4,1313,299,243,26,179015
"474","Milwaukee, Wisconsin",1887,3726,NA,NA,NA,NA,179,148,NA,177803
"475","Providence, Rhode Island",1887,5151,3739,437,4,613,198,156,2349,123959
"476","Rochester, New York",1887,4014,NA,NA,NA,NA,124,94,NA,120537
"477","Pittsburgh, Pennsylvania",1887,9572,NA,NA,NA,NA,250,165,NA,213948
"478","Richmond, Virginia",1887,5963,2034,533,1,NA,100,79,336,76052
"479","New Haven, Connecticut",1887,5941,4448,157,0,NA,107,75,NA,79096
"480","Lowell, Massachusetts",1887,3484,2525,141,0,NA,71,65,2435,72229
"481","New York, New York",1888,85094,47883,6649,108,NA,3351,3015,150812,1453500
"482","Philadelphia, Pennsylvania",1888,46899,31835,3089,50,NA,1671,1400,15969,1007005
"483","Brooklyn, New York",1888,31124,16003,NA,NA,NA,1074,NA,17270,758407
"484","Chicago, Illinois",1888,50432,NA,NA,28,15348,1255,NA,25054,980517
"485","Boston, Massachusetts",1888,36009,23403,1930,25,NA,901,NA,NA,431349
"486","St. Louis, Missouri",1888,17938,9640,841,27,NA,592,440,13142,431521
"487","Baltimore, Maryland",1888,29789,NA,NA,NA,NA,800,NA,NA,414014
"488","Cincinnati, Ohio",1888,19889,4834,5639,14,NA,488,349,9774,288554
"489","San Francisco, California",1888,19466,10508,505,47,8279,406,336,NA,285989
"490","New Orleans, Louisiana",1888,NA,NA,NA,NA,NA,NA,NA,NA,NA
"491","Cleveland, Ohio",1888,8737,5573,215,11,800,241,182,NA,241112
"492","Buffalo, New York",1888,NA,NA,NA,NA,NA,340,200,NA,235558
"493","Washington, DC",1888,20530,6915,2672,15,7193,287,255,5727,180604
"494","Newark, New Jersey",1888,NA,NA,NA,NA,NA,NA,NA,NA,1172156
"495","Louisville, Kentucky",1888,4193,3093,178,17,NA,191,147,NA,153654
"496","Detroit, Michigan",1888,9142,5396,1221,5,1540,310,246,452,187969
"497","Milwaukee, Wisconsin",1888,4401,3135,414,7,444,178,140,NA,186691
"498","Providence, Rhode Island",1888,5930,4116,282,3,1158,206,158,2864,126688
"499","Rochester, New York",1888,NA,NA,NA,NA,NA,NA,NA,NA,124990
"500","Pittsburgh, Pennsylvania",1888,10423,8084,1901,8,2353,253,147,NA,222171
"501","Richmond, Virginia",1888,6290,2225,440,4,NA,100,NA,373,77830
"502","New Haven, Connecticut",1888,6149,4416,413,0,NA,113,NA,3649,81412
"503","Lowell, Massachusetts",1888,4150,3069,99,1,NA,83,76,5264,74051
"504","New York, New York",1889,82200,47614,6314,113,NA,3398,3085,147634,1484400
"505","Philadelphia, Pennsylvania",1889,42673,27644,2801,24,NA,1712,1425,12507,1026985
"506","Brooklyn, New York",1889,34631,19317,NA,NA,NA,1160,NA,17786,782375
"507","Chicago, Illinois",1889,48119,27536,1128,28,16006,1624,NA,30925,1040184
"508","Boston, Massachusetts",1889,40066,25418,2436,24,NA,951,679,NA,439913
"509","St. Louis, Missouri",1889,17987,8461,575,19,NA,593,440,5705,441646
"510","Baltimore, Maryland",1889,31420,NA,NA,NA,NA,800,620,NA,424226
"511","Cincinnati, Ohio",1889,19080,4169,5545,17,NA,477,359,6197,292731
"512","San Francisco, California",1889,23462,11684,843,58,10033,406,NA,NA,292493
"513","New Orleans, Louisiana",1889,NA,NA,NA,NA,NA,NA,NA,NA,NA
"514","Cleveland, Ohio",1889,10377,6543,266,15,827,316,248,NA,251232
"515","Buffalo, New York",1889,16170,8458,3640,9,976,346,207,3416,245611
"516","Washington, DC",1889,21150,6982,2758,17,6751,320,285,4760,189768
"517","Newark, New Jersey",1889,7008,4406,574,2,2247,227,180,NA,176578
"518","Louisville, Kentucky",1889,6964,NA,NA,NA,NA,214,NA,NA,157391
"519","Detroit, Michigan",1889,8746,5238,NA,NA,NA,330,NA,NA,196922
"520","Milwaukee, Wisconsin",1889,4624,3211,167,1,566,187,NA,5549,195579
"521","Providence, Rhode Island",1889,6446,4735,267,0,1582,204,156,3506,129417
"522","Rochester, New York",1889,NA,NA,NA,NA,NA,NA,NA,NA,129443
"523","Pittsburgh, Pennsylvania",1889,14299,10675,2371,5,3798,276,NA,NA,230394
"524","Richmond, Virginia",1889,6901,2371,282,6,NA,100,NA,NA,79609
"525","New Haven, Connecticut",1889,6191,4512,391,1,NA,117,82,NA,83729
"526","Lowell, Massachusetts",1889,4557,2780,129,1,NA,83,76,4781,75873
"527","New York, New York",1890,84556,48144,5774,107,NA,3502,3190,149853,1515301
"528","Philadelphia, Pennsylvania",1890,49148,33154,3311,19,NA,1792,1527,12096,1046964
"529","Brooklyn, New York",1890,38314,22547,1921,71,7814,1251,1030,12183,806343
"530","Chicago, Illinois",1890,62230,37063,1645,21,24004,1900,NA,29402,1099850
"531","Boston, Massachusetts",1890,37492,NA,NA,NA,NA,956,679,NA,448477
"532","St. Louis, Missouri",1890,19724,9207,565,25,NA,709,535,4093,451770
"533","Baltimore, Maryland",1890,30730,NA,NA,NA,NA,805,620,NA,434439
"534","Cincinnati, Ohio",1890,19849,4297,5284,28,NA,489,358,7835,296908
"535","San Francisco, California",1890,23549,12773,905,59,9951,406,NA,NA,298997
"536","New Orleans, Louisiana",1890,NA,NA,NA,NA,NA,NA,NA,NA,NA
"537","Cleveland, Ohio",1890,9616,5727,230,9,762,306,244,5272,261353
"538","Buffalo, New York",1890,17628,9594,3170,14,741,401,244,2796,255664
"539","Washington, DC",1890,24372,8590,2968,13,7410,376,335,5321,188932
"540","Newark, New Jersey",1890,7041,4559,477,4,2368,255,195,NA,181030
"541","Louisville, Kentucky",1890,6621,3900,358,34,NA,208,170,NA,161129
"542","Detroit, Michigan",1890,8693,5519,NA,NA,NA,350,NA,NA,205876
"543","Milwaukee, Wisconsin",1890,5445,3819,995,6,476,196,165,3588,204468
"544","Providence, Rhode Island",1890,6590,4996,244,2,1773,204,169,NA,132146
"545","Rochester, New York",1890,NA,NA,NA,NA,NA,NA,NA,NA,133896
"546","Pittsburgh, Pennsylvania",1890,19906,14232,2350,4,NA,290,NA,NA,238617
"547","Richmond, Virginia",1890,6570,2544,357,6,NA,100,NA,NA,81388
"548","New Haven, Connecticut",1890,5869,4452,373,0,NA,126,90,NA,86045
"549","Lowell, Massachusetts",1890,3846,2650,96,1,NA,81,76,5040,77696
"550","New York, New York",1891,90124,52335,6275,122,NA,3623,3218,147622,1568830
"551","Philadelphia, Pennsylvania",1891,53184,33989,4206,30,NA,1898,1527,13600,1071637
"552","Brooklyn, New York",1891,37319,22375,2003,48,NA,1319,1068,8951,842637
"553","Chicago, Illinois",1891,70550,41463,1406,34,32500,2306,NA,55565,1159722
"554","Boston, Massachusetts",1891,41132,28044,2013,3,13663,961,679,NA,459718
"555","St. Louis, Missouri",1891,20729,9650,489,29,NA,707,525,4936,464117
"556","Baltimore, Maryland",1891,30215,NA,NA,NA,NA,805,620,NA,441891
"557","Cincinnati, Ohio",1891,18632,4861,3932,38,NA,469,356,7400,299807
"558","San Francisco, California",1891,24528,14077,1407,42,10258,406,NA,NA,303376
"559","New Orleans, Louisiana",1891,22449,6880,NA,48,NA,330,223,976,246546
"560","Cleveland, Ohio",1891,11133,6599,234,15,1050,290,230,NA,273394
"561","Buffalo, New York",1891,NA,NA,NA,NA,NA,NA,NA,NA,265336
"562","Washington, DC",1891,25166,8934,2761,7,8581,408,365,5099,197911
"563","Newark, New Jersey",1891,7470,4415,590,7,2443,261,193,NA,187534
"564","Louisville, Kentucky",1891,6938,3945,465,16,NA,205,153,NA,165489
"565","Detroit, Michigan",1891,8720,4478,NA,NA,NA,370,NA,NA,213859
"566","Milwaukee, Wisconsin",1891,5615,3934,751,4,383,204,174,3923,212553
"567","Providence, Rhode Island",1891,6900,5173,398,1,2042,218,169,3000,136491
"568","Rochester, New York",1891,NA,NA,NA,NA,NA,NA,NA,NA,136767
"569","Pittsburgh, Pennsylvania",1891,21801,9889,1901,5,5630,311,165,NA,246847
"570","Richmond, Virginia",1891,6810,2087,571,5,NA,100,NA,NA,81754
"571","New Haven, Connecticut",1891,6000,4376,164,5,NA,126,89,NA,88243
"572","Lowell, Massachusetts",1891,5357,4086,85,1,NA,84,75,4827,79423
"573","New York, New York",1892,84498,50089,4058,116,NA,3731,3387,137436,1622360
"574","Philadelphia, Pennsylvania",1892,52944,34764,3617,22,NA,2027,1543,11884,1096311
"575","Brooklyn, New York",1892,39856,NA,NA,NA,NA,1350,NA,7924,878391
"576","Chicago, Illinois",1892,89833,51578,1972,26,41919,2726,1919,77085,1219595
"577","Boston, Massachusetts",1892,48463,34477,2185,29,27295,1000,679,NA,470960
"578","St. Louis, Missouri",1892,22935,9826,918,27,NA,724,635,12801,476464
"579","Baltimore, Maryland",1892,31781,17544,835,41,6562,818,625,25132,449343
"580","Cincinnati, Ohio",1892,20674,4862,4275,41,NA,480,355,6475,302707
"581","San Francisco, California",1892,29259,16693,1952,29,11112,406,NA,384,307754
"582","New Orleans, Louisiana",1892,21822,8812,NA,51,NA,313,200,639,251052
"583","Cleveland, Ohio",1892,10717,6892,274,10,887,315,252,3415,285436
"584","Buffalo, New York",1892,NA,NA,NA,NA,NA,NA,NA,NA,275009
"585","Washington, DC",1892,26666,6852,3102,11,7457,418,375,7728,206889
"586","Newark, New Jersey",1892,7040,2247,508,4,2134,278,193,NA,194038
"587","Louisville, Kentucky",1892,7133,4318,544,41,NA,245,NA,NA,170849
"588","Detroit, Michigan",1892,7769,4101,769,6,1357,385,215,NA,221842
"589","Milwaukee, Wisconsin",1892,6610,4704,546,5,485,272,225,3650,220637
"590","Providence, Rhode Island",1892,6812,4984,412,4,2328,218,170,3265,140836
"591","Rochester, New York",1892,NA,NA,NA,NA,NA,NA,NA,NA,139638
"592","Pittsburgh, Pennsylvania",1892,16340,NA,NA,4,4934,311,165,2623,255077
"593","Richmond, Virginia",1892,6540,2791,658,8,NA,100,NA,NA,82120
"594","New Haven, Connecticut",1892,6285,4697,289,5,NA,140,100,NA,90441
"595","Lowell, Massachusetts",1892,6153,4659,114,5,NA,93,NA,5015,81151
"596","New York, New York",1893,86488,48542,7168,128,NA,3842,3503,127503,1675890
"597","Philadelphia, Pennsylvania",1893,57297,37101,4431,28,NA,2167,1704,20521,1120984
"598","Brooklyn, New York",1893,40349,NA,NA,NA,NA,1380,NA,3779,914415
"599","Chicago, Illinois",1893,96976,NA,NA,48,47220,3189,NA,88138,1279468
"600","Boston, Massachusetts",1893,46109,30973,2721,29,19368,1005,679,NA,482202
"601","St. Louis, Missouri",1893,25280,10517,442,35,NA,NA,635,15574,488810
"602","Baltimore, Maryland",1893,31363,17076,877,31,7168,818,625,39976,456794
"603","Cincinnati, Ohio",1893,20708,4372,3891,24,NA,481,356,5308,305606
"604","San Francisco, California",1893,26982,16029,2004,41,10834,456,NA,383,312133
"605","New Orleans, Louisiana",1893,23228,8770,NA,60,NA,353,234,1053,255558
"606","Cleveland, Ohio",1893,9368,5701,250,13,983,312,250,NA,297478
"607","Buffalo, New York",1893,NA,NA,NA,NA,NA,NA,NA,NA,284681
"608","Washington, DC",1893,27245,11254,3194,19,7309,433,390,4596,215686
"609","Newark, New Jersey",1893,6605,3487,551,13,2579,303,228,NA,200542
"610","Louisville, Kentucky",1893,7079,4168,369,22,NA,245,NA,NA,175209
"611","Detroit, Michigan",1893,8586,4513,958,7,NA,425,347,NA,229824
"612","Milwaukee, Wisconsin",1893,6219,4477,760,0,495,272,225,4000,228722
"613","Providence, Rhode Island",1893,7105,5024,443,1,3310,250,201,3416,145181
"614","Rochester, New York",1893,NA,NA,NA,NA,NA,NA,NA,NA,142510
"615","Pittsburgh, Pennsylvania",1893,15189,NA,NA,1,5383,374,217,NA,263307
"616","Richmond, Virginia",1893,6070,2391,349,4,NA,100,NA,NA,82486
"617","New Haven, Connecticut",1893,6541,4770,220,2,NA,154,110,NA,92640
"618","Lowell, Massachusetts",1893,5635,4150,107,1,NA,100,NA,6891,82878
"619","New York, New York",1894,98296,52714,8127,133,NA,3839,3531,68025,1725420
"620","Philadelphia, Pennsylvania",1894,61478,38119,6049,28,NA,2239,1750,43726,1145657
"621","Brooklyn, New York",1894,43275,24102,2825,82,7692,1416,1225,5555,950439
"622","Chicago, Illinois",1894,88323,49072,1256,46,45995,3188,NA,133006,1339340
"623","Boston, Massachusetts",1894,42035,25951,2489,13,2788,1010,679,NA,493443
"624","St. Louis, Missouri",1894,25033,9540,653,43,NA,NA,635,44679,501157
"625","Baltimore, Maryland",1894,32136,NA,NA,NA,NA,830,625,NA,464246
"626","Cincinnati, Ohio",1894,20314,4761,4259,18,NA,483,356,9662,308506
"627","San Francisco, California",1894,25824,15226,2190,53,10947,456,NA,NA,316511
"628","New Orleans, Louisiana",1894,25819,NA,NA,NA,NA,NA,NA,NA,260065
"629","Cleveland, Ohio",1894,9751,4734,401,21,1098,317,251,NA,309519
"630","Buffalo, New York",1894,NA,NA,NA,NA,NA,NA,NA,NA,294353
"631","Washington, DC",1894,24323,9419,3384,13,8117,433,390,3204,224846
"632","Newark, New Jersey",1894,6969,3648,651,20,3085,319,246,NA,207246
"633","Louisville, Kentucky",1894,8390,4780,915,29,NA,258,192,NA,179569
"634","Detroit, Michigan",1894,11762,6571,NA,NA,NA,450,NA,NA,237807
"635","Milwaukee, Wisconsin",1894,5943,3995,855,12,NA,263,230,6450,236807
"636","Providence, Rhode Island",1894,6548,4789,229,2,3523,250,201,7929,149526
"637","Rochester, New York",1894,NA,NA,NA,NA,NA,NA,NA,NA,145381
"638","Pittsburgh, Pennsylvania",1894,13762,8846,2788,15,5409,380,218,NA,271537
"639","Richmond, Virginia",1894,5964,2184,412,18,NA,100,NA,NA,82852
"640","New Haven, Connecticut",1894,6314,3270,178,1,NA,160,114,NA,94838
"641","Lowell, Massachusetts",1894,4831,NA,NA,NA,NA,10,NA,NA,84605
"642","New York, New York",1895,112997,57780,9052,223,NA,3825,3524,65556,1782950
"643","Philadelphia, Pennsylvania",1895,60347,36625,5976,39,NA,2451,1794,45788,1170330
"644","Brooklyn, New York",1895,44917,NA,NA,NA,NA,1745,NA,4894,986463
"645","Chicago, Illinois",1895,83464,44450,1197,63,49087,2850,NA,130481,1399212
"646","Boston, Massachusetts",1895,42534,27048,2593,37,2799,1162,865,NA,504684
"647","St. Louis, Missouri",1895,24793,9407,766,30,NA,NA,635,44460,513504
"648","Baltimore, Maryland",1895,30193,NA,NA,NA,NA,830,625,NA,471698
"649","Cincinnati, Ohio",1895,18606,4177,4012,33,NA,493,358,11942,311405
"650","San Francisco, California",1895,25960,14353,2269,43,NA,482,NA,1992,320890
"651","New Orleans, Louisiana",1895,22641,NA,NA,NA,NA,NA,NA,NA,264572
"652","Cleveland, Ohio",1895,11006,5805,358,12,1106,333,252,NA,321560
"653","Buffalo, New York",1895,NA,NA,NA,NA,NA,NA,NA,NA,304026
"654","Washington, DC",1895,23104,8114,3172,10,6470,475,430,4444,233825
"655","Newark, New Jersey",1895,7174,4159,702,11,2555,322,224,NA,213550
"656","Louisville, Kentucky",1895,6111,4339,713,18,NA,244,176,NA,183929
"657","Detroit, Michigan",1895,8102,4803,863,9,1235,477,390,NA,245790
"658","Milwaukee, Wisconsin",1895,5582,3942,720,6,437,308,273,6844,244892
"659","Providence, Rhode Island",1895,7117,5071,613,1,NA,275,209,3538,149971
"660","Rochester, New York",1895,NA,NA,NA,NA,NA,NA,NA,NA,148252
"661","Pittsburgh, Pennsylvania",1895,14737,9747,2670,6,6090,393,233,19114,279767
"662","Richmond, Virginia",1895,5412,1956,333,0,NA,100,NA,NA,83218
"663","New Haven, Connecticut",1895,6202,4288,212,3,NA,155,114,NA,97036
"664","Lowell, Massachusetts",1895,5879,4148,138,1,NA,114,94,6123,86332
"665","New York, New York",1896,110979,57692,10047,NA,NA,3825,NA,NA,1836480
"666","Philadelphia, Pennsylvania",1896,58072,32987,7414,49,NA,2458,1797,49438,1195004
"667","Brooklyn, New York",1896,38692,25527,2669,NA,9670,1751,1342,4869,1022487
"668","Chicago, Illinois",1896,96847,50641,1988,35,59365,3033,NA,176980,1459085
"669","Boston, Massachusetts",1896,48796,32286,2694,26,2953,1181,880,NA,515926
"670","St. Louis, Missouri",1896,27695,9838,2073,57,NA,NA,685,41545,525851
"671","Baltimore, Maryland",1896,31248,NA,NA,NA,NA,832,625,NA,479150
"672","Cincinnati, Ohio",1896,16480,3548,3910,27,NA,495,356,21281,314304
"673","San Francisco, California",1896,30462,14792,2660,49,NA,557,NA,834,325268
"674","New Orleans, Louisiana",1896,24261,NA,NA,NA,NA,NA,NA,NA,269078
"675","Cleveland, Ohio",1896,10717,6906,561,27,1603,347,273,NA,333602
"676","Buffalo, New York",1896,NA,12700,NA,NA,990,NA,NA,NA,313698
"677","Washington, DC",1896,22562,7662,4099,11,6577,475,430,2708,242804
"678","Newark, New Jersey",1896,7156,3901,702,15,2679,326,214,NA,220054
"679","Louisville, Kentucky",1896,6947,3235,834,37,NA,289,247,NA,188289
"680","Detroit, Michigan",1896,6529,2991,NA,NA,NA,490,NA,NA,253773
"681","Milwaukee, Wisconsin",1896,5441,3598,816,10,450,321,275,5910,252976
"682","Providence, Rhode Island",1896,8073,5375,974,4,NA,275,209,NA,154316
"683","Rochester, New York",1896,NA,NA,NA,NA,NA,NA,NA,NA,151123
"684","Pittsburgh, Pennsylvania",1896,15452,9280,3513,10,6527,380,NA,21877,287997
"685","Richmond, Virginia",1896,5538,1920,1023,14,NA,100,83,NA,83584
"686","New Haven, Connecticut",1896,6181,4159,328,4,NA,179,125,NA,99234
"687","Lowell, Massachusetts",1896,5879,4150,140,2,NA,114,94,6096,88060
"688","New York, New York",1897,108033,53716,13216,199,NA,5002,4632,NA,3158265
"689","Philadelphia, Pennsylvania",1897,62628,34857,8141,43,NA,2611,1934,64613,1219677
"690","Chicago, Illinois",1897,83680,45844,999,37,55020,3594,2736,204964,1518958
"691","Boston, Massachusetts",1897,45659,30604,2329,21,2407,1173,893,NA,527168
"692","St. Louis, Missouri",1897,24211,3277,2350,94,NA,NA,685,33787,538198
"693","Baltimore, Maryland",1897,34293,NA,NA,NA,NA,832,625,NA,486602
"694","Cincinnati, Ohio",1897,16502,3897,4247,26,NA,531,358,24707,317204
"695","San Francisco, California",1897,29168,14572,3046,43,NA,559,NA,985,329646
"696","New Orleans, Louisiana",1897,21689,NA,NA,NA,NA,NA,NA,NA,273585
"697","Cleveland, Ohio",1897,14481,8095,668,9,1950,355,295,NA,345644
"698","Buffalo, New York",1897,25573,15174,4315,9,1778,711,468,2385,323370
"699","Washington, DC",1897,22859,7467,2883,12,8694,525,435,1483,251782
"700","Newark, New Jersey",1897,7183,4222,593,18,2855,337,226,NA,226558
"701","Louisville, Kentucky",1897,7379,4165,511,37,NA,291,253,NA,192649
"702","Detroit, Michigan",1897,7197,3320,1222,2,2141,510,421,NA,261756
"703","Milwaukee, Wisconsin",1897,5695,3614,NA,3,867,321,275,NA,261061
"704","Providence, Rhode Island",1897,8474,5451,1348,3,NA,314,223,NA,158661
"705","Rochester, New York",1897,NA,NA,NA,NA,NA,NA,NA,NA,153994
"706","Pittsburgh, Pennsylvania",1897,16470,9523,4107,23,6734,367,NA,21074,296227
"707","Richmond, Virginia",1897,4694,1708,505,1,NA,100,83,NA,83950
"708","New Haven, Connecticut",1897,7033,4486,521,6,NA,176,124,NA,101432
"709","Lowell, Massachusetts",1897,4377,3013,150,0,NA,114,NA,556,89787
"710","New York, New York",1898,141745,77630,14405,346,NA,7457,6757,NA,3251244
"711","Philadelphia, Pennsylvania",1898,62907,37729,6118,37,NA,2612,1934,56461,1244350
"712","Chicago, Illinois",1898,77441,42212,518,40,51239,3304,2492,139579,1578830
"713","Boston, Massachusetts",1898,41816,27104,2470,20,2588,1182,894,NA,538409
"714","St. Louis, Missouri",1898,26253,2997,2524,47,NA,NA,685,13687,550544
"715","Baltimore, Maryland",1898,32096,14926,698,32,20904,850,617,55,494053
"716","Cincinnati, Ohio",1898,15504,3419,5332,40,NA,530,379,11650,320103
"717","San Francisco, California",1898,28013,14399,2836,48,NA,559,NA,NA,334025
"718","New Orleans, Louisiana",1898,21347,7490,NA,64,NA,370,247,1314,278091
"719","Cleveland, Ohio",1898,14452,8452,503,16,2722,355,295,NA,357685
"720","Buffalo, New York",1898,24489,13551,3779,8,1661,782,568,2125,333042
"721","Washington, DC",1898,25237,8567,4636,18,7118,545,450,910,260761
"722","Newark, New Jersey",1898,6268,3708,337,13,2221,335,223,NA,233062
"723","Louisville, Kentucky",1898,7280,4208,861,29,NA,250,215,NA,197009
"724","Detroit, Michigan",1898,7052,3330,1122,2,1785,513,418,NA,269738
"725","Milwaukee, Wisconsin",1898,6062,3466,874,4,460,321,275,4713,269146
"726","Providence, Rhode Island",1898,8126,5564,829,4,NA,338,235,NA,163006
"727","Rochester, New York",1898,NA,NA,NA,NA,NA,NA,NA,NA,156886
"728","Pittsburgh, Pennsylvania",1898,NA,10152,NA,5,7536,397,NA,NA,304457
"729","Richmond, Virginia",1898,4617,1671,560,9,NA,100,83,NA,84316
"730","New Haven, Connecticut",1898,6728,3353,437,2,NA,176,126,NA,103631
"731","Lowell, Massachusetts",1898,NA,NA,NA,NA,NA,NA,NA,231,91514
"732","New York, New York",1899,138875,76804,14013,404,NA,7335,6629,NA,3344223
"733","Philadelphia, Pennsylvania",1899,62075,38699,5178,27,NA,2620,1934,44361,1269024
"734","Chicago, Illinois",1899,71349,40279,502,38,NA,3267,NA,114153,1638702
"735","Boston, Massachusetts",1899,39760,24653,2458,23,2181,1147,883,NA,549650
"736","St. Louis, Missouri",1899,24420,11080,1134,61,3137,NA,685,10311,562891
"737","Baltimore, Maryland",1899,29335,13988,638,23,19668,850,617,41,501505
"738","Cincinnati, Ohio",1899,15540,3346,5074,30,NA,531,379,3061,323003
"739","San Francisco, California",1899,27769,14835,2778,59,NA,559,NA,696,338404
"740","New Orleans, Louisiana",1899,NA,NA,NA,NA,NA,NA,NA,NA,282598
"741","Cleveland, Ohio",1899,15674,9408,507,26,2641,355,295,NA,369726
"742","Buffalo, New York",1899,23338,14206,2643,10,1280,783,566,1010,342715
"743","Washington, DC",1899,25923,9092,4291,21,6829,552,500,484,269739
"744","Newark, New Jersey",1899,6590,3903,463,29,2096,NA,245,NA,239566
"745","Louisville, Kentucky",1899,7700,4834,752,18,NA,330,264,NA,201369
"746","Detroit, Michigan",1899,7443,3854,1087,4,1837,553,419,NA,277721
"747","Milwaukee, Wisconsin",1899,5266,3292,555,6,453,321,275,3231,277231
"748","Providence, Rhode Island",1899,8663,6152,632,2,NA,338,235,NA,167351
"749","Rochester, New York",1899,NA,NA,NA,NA,NA,NA,NA,NA,159737
"750","Pittsburgh, Pennsylvania",1899,18762,11444,3759,15,7811,413,NA,13812,312687
"751","Richmond, Virginia",1899,4493,1988,530,7,NA,100,83,NA,84682
"752","New Haven, Connecticut",1899,6314,4148,462,1,NA,178,122,NA,105829
"753","Lowell, Massachusetts",1899,3924,2906,221,1,NA,139,110,119,93242
"754","New York, New York",1900,132805,NA,14531,NA,NA,7395,NA,NA,3437202
"755","Philadelphia, Pennsylvania",1900,65630,41428,4741,63,NA,2779,2034,40789,1293697
"756","Chicago, Illinois",1900,70438,34965,818,28,45247,3225,2430,126014,1698575
"757","Boston, Massachusetts",1900,33655,19263,2665,33,2492,1213,948,NA,560892
"758","St. Louis, Missouri",1900,23480,10570,1636,31,3516,1254,850,5515,575238
"759","Baltimore, Maryland",1900,30823,14778,643,29,20995,981,700,52,508957
"760","Cincinnati, Ohio",1900,16331,3617,5491,30,NA,528,378,2210,325902
"761","San Francisco, California",1900,26448,15459,2107,86,NA,588,489,352,342782
"762","New Orleans, Louisiana",1900,17839,7649,NA,61,NA,367,245,1612,287104
"763","Cleveland, Ohio",1900,19923,10360,783,22,4754,376,295,NA,381768
"764","Buffalo, New York",1900,28347,17018,3224,6,1737,783,566,688,352387
"765","Washington, DC",1900,25943,9593,3894,18,6517,571,525,135,278718
"766","Newark, New Jersey",1900,7232,3725,473,17,2729,382,250,NA,246070
"767","Louisville, Kentucky",1900,8048,5143,727,35,NA,329,255,NA,204731
"768","Detroit, Michigan",1900,7795,4032,1050,5,NA,557,NA,NA,285704
"769","Milwaukee, Wisconsin",1900,4811,2903,430,6,425,322,273,2455,285315
"770","Providence, Rhode Island",1900,9440,6351,830,5,NA,338,235,NA,175597
"771","Rochester, New York",1900,NA,NA,NA,NA,NA,NA,NA,NA,162608
"772","Pittsburgh, Pennsylvania",1900,NA,NA,NA,NA,NA,NA,NA,NA,321616
"773","Richmond, Virginia",1900,4860,2081,578,8,NA,100,83,NA,85050
"774","New Haven, Connecticut",1900,6165,3658,718,1,NA,175,116,NA,108027
"775","Lowell, Massachusetts",1900,4213,3189,195,1,NA,139,110,101,94969
"776","New York, New York",1901,133749,73589,14213,429,NA,7458,6557,NA,3570190
"777","Philadelphia, Pennsylvania",1901,61189,38026,3778,60,NA,2902,2074,37114,1319228
"778","Chicago, Illinois",1901,69442,32469,750,37,40318,3274,2460,95591,1747246
"779","Boston, Massachusetts",1901,34500,20111,2419,32,2574,1275,983,NA,571861
"780","St. Louis, Missouri",1901,23666,10468,2557,61,3522,1433,850,7529,586417
"781","Baltimore, Maryland",1901,31423,15376,845,21,21185,981,700,68,513910
"782","Cincinnati, Ohio",1901,20584,3459,5326,39,NA,530,368,4646,329671
"783","San Francisco, California",1901,27362,16649,1848,55,NA,588,NA,1082,350195
"784","New Orleans, Louisiana",1901,17221,8405,NA,66,NA,367,237,1526,292301
"785","Cleveland, Ohio",1901,19219,10988,801,31,7518,361,295,NA,399658
"786","Buffalo, New York",1901,25057,15343,2253,17,1532,784,566,537,359520
"787","Washington, DC",1901,26062,10586,3034,12,6110,607,540,59,283953
"788","Newark, New Jersey",1901,6399,2930,343,27,2260,392,271,NA,256210
"789","Louisville, Kentucky",1901,7396,4115,685,44,NA,317,283,NA,206651
"790","Detroit, Michigan",1901,8228,4024,1256,6,2180,555,419,NA,303710
"791","Milwaukee, Wisconsin",1901,4794,2872,351,2,567,322,273,2568,294169
"792","Providence, Rhode Island",1901,9025,5934,586,4,NA,338,235,NA,180470
"793","Rochester, New York",1901,NA,NA,NA,NA,NA,NA,NA,NA,168162
"794","Pittsburgh, Pennsylvania",1901,NA,NA,NA,NA,NA,NA,NA,NA,342845
"795","Richmond, Virginia",1901,5137,1876,750,0,NA,100,83,NA,89308
"796","New Haven, Connecticut",1901,5229,3271,350,4,NA,175,119,NA,110585
"797","Lowell, Massachusetts",1901,4730,2513,187,0,NA,145,NA,94,96102
"798","New York, New York",1902,145936,79290,14283,510,NA,7625,6787,NA,3703178
"799","Philadelphia, Pennsylvania",1902,65468,39954,3659,57,NA,2980,2074,6045,1344759
"800","Chicago, Illinois",1902,70314,34405,581,29,41693,3168,2385,11097,1795917
"801","Boston, Massachusetts",1902,34732,19713,2556,28,2707,1262,992,NA,582831
"802","St. Louis, Missouri",1902,25564,11642,1529,56,4005,1246,850,3984,597596
"803","Baltimore, Maryland",1902,31362,15666,708,33,13112,985,700,78,518863
"804","Cincinnati, Ohio",1902,15822,1831,5260,34,NA,536,380,1851,333440
"805","San Francisco, California",1902,28480,16195,2488,73,NA,607,NA,NA,357608
"806","New Orleans, Louisiana",1902,16472,7381,NA,72,NA,390,258,1340,297498
"807","Cleveland, Ohio",1902,18236,11104,629,28,8618,361,295,NA,417547
"808","Buffalo, New York",1902,18716,11881,1734,8,1043,784,566,734,366653
"809","Washington, DC",1902,29543,10596,3968,17,8296,626,575,NA,289188
"810","Newark, New Jersey",1902,6912,3582,313,13,2268,400,286,NA,266350
"811","Louisville, Kentucky",1902,7958,4642,880,35,NA,329,271,NA,208571
"812","Detroit, Michigan",1902,8274,3845,1260,8,2229,567,429,NA,321716
"813","Milwaukee, Wisconsin",1902,5260,3118,620,5,608,319,269,2016,303023
"814","Providence, Rhode Island",1902,10112,6216,739,2,NA,340,238,NA,185343
"815","Rochester, New York",1902,5117,1772,697,5,NA,207,136,344,173706
"816","Pittsburgh, Pennsylvania",1902,NA,NA,NA,NA,NA,NA,NA,NA,364074
"817","Richmond, Virginia",1902,6153,2376,603,12,NA,101,82,NA,93566
"818","New Haven, Connecticut",1902,5149,3410,307,6,NA,169,116,NA,113143
"819","Lowell, Massachusetts",1902,NA,NA,NA,NA,NA,151,125,90,97234
"820","New York, New York",1903,175871,101431,14945,579,NA,8089,7080,NA,3836166
"821","Philadelphia, Pennsylvania",1903,75699,45499,4808,68,NA,3086,2170,NA,1370290
"822","Chicago, Illinois",1903,77763,40186,631,57,46597,3205,2549,5826,1844587
"823","Boston, Massachusetts",1903,43033,28234,2365,22,2385,1300,1000,NA,593800
"824","St. Louis, Missouri",1903,25524,12196,1845,66,4641,NA,850,6914,608775
"825","Baltimore, Maryland",1903,28150,14366,539,42,13651,985,700,81,523815
"826","Cincinnati, Ohio",1903,16192,3736,4740,20,NA,532,386,4597,337209
"827","San Francisco, California",1903,29336,NA,NA,NA,NA,643,NA,NA,365021
"828","New Orleans, Louisiana",1903,16046,6755,NA,58,NA,384,251,895,302695
"829","Cleveland, Ohio",1903,22250,13383,1158,45,10553,435,350,NA,435436
"830","Buffalo, New York",1903,NA,NA,NA,NA,NA,784,566,NA,373785
"831","Washington, DC",1903,29839,11444,2063,14,8648,640,589,NA,294423
"832","Newark, New Jersey",1903,7394,3967,652,26,2477,424,287,NA,276490
"833","Louisville, Kentucky",1903,6945,3947,742,27,NA,329,271,NA,210490
"834","Detroit, Michigan",1903,8978,NA,NA,8,NA,568,NA,NA,339726
"835","Milwaukee, Wisconsin",1903,5737,3419,576,5,550,327,276,1933,311878
"836","Providence, Rhode Island",1903,11257,6677,1617,4,NA,340,NA,NA,190216
"837","Rochester, New York",1903,5404,1825,800,2,NA,206,136,110,179270
"838","Pittsburgh, Pennsylvania",1903,NA,NA,NA,NA,NA,NA,NA,NA,385303
"839","Richmond, Virginia",1903,7090,3525,549,11,NA,101,82,NA,97823
"840","New Haven, Connecticut",1903,5246,3448,336,3,NA,174,124,NA,115700
"841","Lowell, Massachusetts",1903,5209,3910,244,1,NA,151,125,87,98366
"842","New York, New York",1904,175880,92514,15297,630,NA,8218,7203,NA,3969154
"843","Philadelphia, Pennsylvania",1904,73061,43944,4912,74,NA,3089,2170,NA,1395821
"844","Chicago, Illinois",1904,66713,45577,69,65,43045,3168,2316,12577,1893258
"845","Boston, Massachusetts",1904,50265,34041,2897,26,2920,1328,1004,NA,604769
"846","St. Louis, Missouri",1904,30560,13499,3017,64,NA,NA,1100,5946,619954
"847","Baltimore, Maryland",1904,30999,15622,606,41,13053,1001,702,173,528768
"848","Cincinnati, Ohio",1904,17849,3836,5992,46,NA,534,380,8627,340978
"849","San Francisco, California",1904,36208,NA,NA,NA,NA,671,NA,NA,372434
"850","New Orleans, Louisiana",1904,15879,6833,NA,54,NA,NA,NA,920,307892
"851","Cleveland, Ohio",1904,24728,13563,1920,28,NA,494,400,NA,453326
"852","Buffalo, New York",1904,19608,11038,1714,13,NA,784,566,1465,380918
"853","Washington, DC",1904,29483,11496,2137,12,7438,686,635,NA,299658
"854","Newark, New Jersey",1904,6626,3541,263,24,2089,424,289,NA,286630
"855","Louisville, Kentucky",1904,6793,NA,NA,NA,NA,330,NA,NA,212410
"856","Detroit, Michigan",1904,8857,4117,1328,9,1665,569,425,NA,357729
"857","Milwaukee, Wisconsin",1904,5666,3244,443,6,520,368,306,2568,320732
"858","Providence, Rhode Island",1904,11222,6338,1774,2,NA,340,NA,NA,195089
"859","Rochester, New York",1904,6691,2176,1300,2,NA,215,143,NA,184824
"860","Pittsburgh, Pennsylvania",1904,NA,NA,NA,NA,NA,NA,NA,NA,406532
"861","Richmond, Virginia",1904,6525,3279,590,15,NA,101,81,NA,102081
"862","New Haven, Connecticut",1904,5333,3399,208,5,NA,178,115,NA,118258
"863","Lowell, Massachusetts",1904,3934,2672,416,0,NA,147,NA,82,99499
"864","New York, New York",1905,198356,100880,16324,735,NA,8766,7713,NA,4102143
"865","Philadelphia, Pennsylvania",1905,80855,45738,4129,65,NA,3088,2171,NA,1421352
"866","Chicago, Illinois",1905,82572,45847,363,186,50436,3046,2196,NA,1941929
"867","Boston, Massachusetts",1905,48358,NA,NA,NA,NA,1333,1009,NA,615738
"868","St. Louis, Missouri",1905,26225,12947,2088,43,4012,NA,1100,6840,631134
"869","Baltimore, Maryland",1905,34036,17780,496,40,14242,1005,722,105,533721
"870","Cincinnati, Ohio",1905,18879,4281,6118,41,NA,549,396,13746,344746
"871","San Francisco, California",1905,33893,18697,2664,84,NA,707,NA,NA,379847
"872","New Orleans, Louisiana",1905,24418,9113,NA,72,NA,NA,NA,660,313090
"873","Cleveland, Ohio",1905,27926,16383,1337,32,NA,544,450,NA,471216
"874","Buffalo, New York",1905,20475,11542,2244,6,1227,784,566,1249,388050
"875","Washington, DC",1905,32016,12104,2232,13,8134,692,635,NA,304894
"876","Newark, New Jersey",1905,7541,3991,633,27,2530,463,294,NA,296770
"877","Louisville, Kentucky",1905,7545,3169,1029,42,NA,330,262,NA,214330
"878","Detroit, Michigan",1905,11113,5836,1740,9,1934,620,454,NA,375735
"879","Milwaukee, Wisconsin",1905,6153,3603,650,8,510,369,307,3273,329586
"880","Providence, Rhode Island",1905,11073,6300,1493,5,NA,340,248,NA,199962
"881","Rochester, New York",1905,6970,2697,1152,4,NA,225,185,NA,190378
"882","Pittsburgh, Pennsylvania",1905,NA,NA,NA,NA,NA,NA,NA,NA,427761
"883","Richmond, Virginia",1905,7123,3693,1001,11,NA,101,NA,NA,106339
"884","New Haven, Connecticut",1905,5619,NA,327,15,NA,174,121,NA,120816
"885","Lowell, Massachusetts",1905,4915,3731,159,1,NA,143,118,90,100632
"886","New York, New York",1906,189202,90818,17539,883,87803,8872,7810,NA,4235131
"887","Philadelphia, Pennsylvania",1906,83325,48121,3937,102,NA,3097,2176,NA,1446884
"888","Chicago, Illinois",1906,91554,49230,379,101,59706,4077,3145,13540,1990599
"889","Boston, Massachusetts",1906,49906,33186,2069,18,2343,1359,1005,NA,626708
"890","St. Louis, Missouri",1906,29315,16670,1341,55,4459,NA,1100,2745,642313
"891","Baltimore, Maryland",1906,34511,19800,486,43,13920,1032,725,43,538674
"892","Cincinnati, Ohio",1906,16991,4380,5459,43,NA,551,408,1036,348515
"893","San Francisco, California",1906,NA,NA,NA,NA,NA,708,NA,NA,387260
"894","New Orleans, Louisiana",1906,26827,11257,NA,84,NA,NA,NA,1140,318287
"895","Cleveland, Ohio",1906,31736,18743,1038,21,NA,595,500,NA,489105
"896","Buffalo, New York",1906,22712,12983,2053,17,1684,784,563,1274,395183
"897","Washington, DC",1906,32940,12889,2081,22,7042,694,635,6,310128
"898","Newark, New Jersey",1906,8673,4827,365,31,2747,490,302,NA,306910
"899","Louisville, Kentucky",1906,7806,2439,NA,53,NA,330,261,NA,216249
"900","Detroit, Michigan",1906,12324,7019,1810,10,2327,637,461,NA,393741
"901","Milwaukee, Wisconsin",1906,6804,4573,603,15,690,403,337,1754,338440
"902","Providence, Rhode Island",1906,12262,7416,1874,8,NA,NA,NA,NA,204835
"903","Rochester, New York",1906,7737,NA,NA,NA,NA,NA,NA,NA,195932
"904","Pittsburgh, Pennsylvania",1906,NA,NA,NA,NA,NA,NA,NA,NA,448990
"905","Richmond, Virginia",1906,7982,3634,800,20,NA,101,NA,NA,110597
"906","New Haven, Connecticut",1906,5614,3670,281,11,NA,NA,NA,NA,123374
"907","Lowell, Massachusetts",1906,4894,3489,127,3,NA,152,125,83,101764
"908","New York, New York",1907,204119,93538,15735,846,82504,9410,8377,NA,4368119
"909","Philadelphia, Pennsylvania",1907,85863,49945,5189,122,NA,3201,2275,NA,1472415
"910","Chicago, Illinois",1907,63132,35650,542,98,29867,4529,3636,23642,2039271
"911","Boston, Massachusetts",1907,57078,37783,1958,51,2151,1388,1005,NA,637677
"912","St. Louis, Missouri",1907,32959,18070,1400,46,5095,NA,1100,12206,653492
"913","Baltimore, Maryland",1907,34574,19952,407,38,13911,1032,725,10,543627
"914","Cincinnati, Ohio",1907,16141,4828,4468,34,NA,561,409,6538,352284
"915","San Francisco, California",1907,27013,11687,1646,136,NA,759,594,NA,394673
"916","New Orleans, Louisiana",1907,29709,11485,NA,75,NA,NA,NA,776,323484
"917","Cleveland, Ohio",1907,30418,17953,1002,31,NA,645,550,NA,506994
"918","Buffalo, New York",1907,27128,17258,2578,16,2289,783,563,1150,402316
"919","Washington, DC",1907,34417,13745,1918,22,7429,719,647,12,315363
"920","Newark, New Jersey",1907,10178,5123,469,40,3614,559,465,NA,317050
"921","Louisville, Kentucky",1907,7907,4586,848,36,NA,340,267,NA,218169
"922","Detroit, Michigan",1907,11291,5845,1475,6,4045,679,497,NA,411748
"923","Milwaukee, Wisconsin",1907,8277,4621,925,5,620,453,387,1704,347294
"924","Providence, Rhode Island",1907,12953,7979,1298,11,NA,NA,NA,NA,209708
"925","Rochester, New York",1907,7971,NA,NA,NA,NA,NA,NA,NA,201487
"926","Pittsburgh, Pennsylvania",1907,NA,NA,NA,NA,NA,NA,NA,NA,470219
"927","Richmond, Virginia",1907,9602,3834,1063,17,NA,125,87,NA,114855
"928","New Haven, Connecticut",1907,5473,3593,320,3,NA,193,NA,NA,125932
"929","Lowell, Massachusetts",1907,4727,3656,147,5,NA,NA,NA,74,102896
"930","New York, New York",1908,244822,NA,NA,NA,84381,9958,8391,NA,4501107
"931","Philadelphia, Pennsylvania",1908,90552,58835,9377,132,NA,3356,2425,NA,1497946
"932","Chicago, Illinois",1908,68220,40875,1196,71,35593,4733,3760,NA,2087941
"933","Boston, Massachusetts",1908,68146,42997,3261,34,3245,1531,1035,NA,648646
"934","St. Louis, Missouri",1908,33152,19581,1042,41,5375,NA,1400,31382,664671
"935","Baltimore, Maryland",1908,34846,18619,623,39,14745,1050,725,5,548579
"936","Cincinnati, Ohio",1908,17396,4599,6718,33,NA,631,458,20199,356053
"937","San Francisco, California",1908,38738,13775,3441,169,NA,802,NA,NA,402086
"938","New Orleans, Louisiana",1908,30213,10053,NA,101,NA,NA,NA,1060,328681
"939","Cleveland, Ohio",1908,10085,3815,352,36,NA,645,550,NA,524884
"940","Buffalo, New York",1908,32719,9576,6473,18,5944,780,563,7538,409448
"941","Washington, DC",1908,33415,13222,1901,20,7495,730,658,NA,320598
"942","Newark, New Jersey",1908,8973,4081,490,25,3149,619,492,NA,327190
"943","Louisville, Kentucky",1908,10824,NA,NA,NA,NA,NA,NA,NA,220089
"944","Detroit, Michigan",1908,11676,6854,1173,10,4494,694,508,NA,429754
"945","Milwaukee, Wisconsin",1908,8175,4839,1085,13,685,454,387,4898,356149
"946","Providence, Rhode Island",1908,11745,6891,1755,7,NA,355,255,NA,214581
"947","Rochester, New York",1908,8685,NA,NA,NA,NA,NA,NA,NA,207041
"948","Pittsburgh, Pennsylvania",1908,42908,24777,NA,NA,NA,NA,NA,17569,491448
"949","Richmond, Virginia",1908,8989,3884,611,11,NA,125,NA,NA,119112
"950","New Haven, Connecticut",1908,5683,3453,279,8,NA,NA,NA,NA,128489
"951","Lowell, Massachusetts",1908,4839,3606,151,5,NA,NA,NA,97,104029
"952","New York, New York",1909,220334,85257,6257,647,73084,10131,8523,NA,4634095
"953","Philadelphia, Pennsylvania",1909,80879,46527,7526,112,NA,3487,2540,NA,1523477
"954","Chicago, Illinois",1909,70575,43398,1040,95,39000,4706,3817,NA,2136612
"955","Boston, Massachusetts",1909,71512,45829,4119,26,2426,1548,1135,NA,659616
"956","St. Louis, Missouri",1909,38128,19268,746,38,18016,NA,1400,36461,675820
"957","Baltimore, Maryland",1909,31806,17395,490,35,13650,1050,725,1,553532
"958","Cincinnati, Ohio",1909,16329,4377,5758,20,NA,627,458,8619,359822
"959","San Francisco, California",1909,34336,12756,3551,91,NA,892,722,NA,409499
"960","New Orleans, Louisiana",1909,27044,10767,NA,57,NA,NA,NA,380,333878
"961","Cleveland, Ohio",1909,6018,1200,318,28,NA,645,550,NA,542774
"962","Buffalo, New York",1909,NA,NA,NA,NA,NA,NA,NA,NA,416581
"963","Washington, DC",1909,35910,13489,2466,26,7078,730,658,NA,325833
"964","Newark, New Jersey",1909,8618,3883,328,38,2795,618,492,NA,337330
"965","Louisville, Kentucky",1909,12852,7057,1493,34,NA,403,309,NA,222008
"966","Detroit, Michigan",1909,14718,8365,987,16,5334,711,526,NA,447760
"967","Milwaukee, Wisconsin",1909,7817,4531,1001,8,695,453,387,3657,365003
"968","Providence, Rhode Island",1909,NA,NA,NA,NA,NA,NA,NA,NA,219454
"969","Rochester, New York",1909,8157,3633,1121,9,NA,NA,NA,NA,212595
"970","Pittsburgh, Pennsylvania",1909,35621,24405,6431,6,18781,NA,NA,12663,512677
"971","Richmond, Virginia",1909,9290,4731,791,13,NA,125,NA,NA,123370
"972","New Haven, Connecticut",1909,5765,3422,267,6,NA,181,139,NA,131047
"973","Lowell, Massachusetts",1909,4797,3376,220,2,NA,NA,NA,NA,105162
"974","New York, New York",1910,170681,66031,4351,443,61125,9963,8374,NA,4766883
"975","Philadelphia, Pennsylvania",1910,82017,46930,6021,226,NA,3612,2647,NA,1549008
"976","Chicago, Illinois",1910,81269,51791,1572,81,44286,4260,NA,NA,2185283
"977","Boston, Massachusetts",1910,71207,48117,2331,45,2403,1585,1183,NA,670585
"978","St. Louis, Missouri",1910,37102,18995,436,36,12685,NA,1400,10589,687029
"979","Baltimore, Maryland",1910,33055,18099,489,42,14057,1052,725,NA,558485
"980","Cincinnati, Ohio",1910,16875,4910,5254,43,NA,643,460,14345,363591
"981","San Francisco, California",1910,29855,12750,3275,124,NA,892,721,NA,426912
"982","New Orleans, Louisiana",1910,25087,10255,NA,68,NA,NA,NA,NA,339075
"983","Cleveland, Ohio",1910,7185,1201,255,35,NA,650,550,NA,560663
"984","Buffalo, New York",1910,22203,12598,1163,21,1730,813,586,2999,423715
"985","Washington, DC",1910,34003,12539,2787,13,6699,730,658,NA,331069
"986","Newark, New Jersey",1910,9200,3939,329,36,2352,631,500,NA,347469
"987","Louisville, Kentucky",1910,14183,8422,1701,44,NA,413,330,NA,223928
"988","Detroit, Michigan",1910,17875,11396,1238,19,6037,732,553,NA,465766
"989","Milwaukee, Wisconsin",1910,8827,4935,660,14,785,531,451,4056,373857
"990","Providence, Rhode Island",1910,NA,NA,NA,NA,NA,NA,NA,NA,224326
"991","Rochester, New York",1910,8022,3819,883,13,NA,NA,NA,NA,218149
"992","Pittsburgh, Pennsylvania",1910,39151,26320,6914,6,NA,1290,740,10818,533905
"993","Richmond, Virginia",1910,9603,3909,939,16,NA,125,NA,NA,127628
"994","New Haven, Connecticut",1910,6193,3237,506,3,NA,194,140,NA,133605
"995","Lowell, Massachusetts",1910,4771,3518,318,6,NA,NA,NA,NA,106294
"996","New York, New York",1911,153768,60261,5854,366,48384,10207,8585,NA,4852200
"997","Philadelphia, Pennsylvania",1911,87557,50015,7386,122,NA,3865,2849,NA,1576485
"998","Chicago, Illinois",1911,84838,49384,795,121,49034,4926,3948,NA,2236925
"999","Boston, Massachusetts",1911,70442,46713,2564,52,2595,1594,1193,NA,678333
"1000","St. Louis, Missouri",1911,34868,17555,283,69,11567,NA,1400,9924,695614
"1001","Baltimore, Maryland",1911,32758,17682,483,37,14451,1052,725,NA,576019
"1002","Cincinnati, Ohio",1911,18031,NA,3646,NA,NA,679,NA,16125,367357
"1003","San Francisco, California",1911,32914,13644,3481,94,NA,935,722,NA,425888
"1004","New Orleans, Louisiana",1911,25559,11546,NA,57,NA,NA,NA,NA,343889
"1005","Cleveland, Ohio",1911,NA,NA,NA,NA,NA,663,555,NA,584281
"1006","Buffalo, New York",1911,24229,12651,3076,22,2730,824,580,4513,432021
"1007","Washington, DC",1911,34068,12021,1967,24,6301,735,658,NA,341719
"1008","Newark, New Jersey",1911,8791,3691,249,35,2322,675,547,NA,354174
"1009","Louisville, Kentucky",1911,16434,10433,2181,44,NA,417,334,NA,225024
"1010","Detroit, Michigan",1911,NA,NA,NA,NA,NA,NA,NA,NA,518557
"1011","Milwaukee, Wisconsin",1911,9145,4760,750,11,725,525,451,6041,382186
"1012","Providence, Rhode Island",1911,11344,7626,906,10,NA,405,310,NA,225653
"1013","Rochester, New York",1911,7596,3444,985,5,NA,304,265,609,225909
"1014","Pittsburgh, Pennsylvania",1911,36912,24868,6418,6,17913,1290,719,12816,539349
"1015","Richmond, Virginia",1911,10497,4120,1035,13,NA,125,NA,NA,132032
"1016","New Haven, Connecticut",1911,6706,3902,592,5,NA,207,143,NA,136498
"1017","Lowell, Massachusetts",1911,4660,3415,401,3,NA,NA,NA,NA,106940
"1018","New York, New York",1912,170375,60493,4677,417,47585,10373,8925,NA,4937516
"1019","Philadelphia, Pennsylvania",1912,96084,54264,6647,171,NA,3894,2980,NA,1603962
"1020","Chicago, Illinois",1912,86950,43635,850,201,48563,4955,3963,NA,2288567
"1021","Boston, Massachusetts",1912,75496,50705,2634,76,2890,1670,1227,NA,686082
"1022","St. Louis, Missouri",1912,37265,17700,254,105,11939,NA,1400,1381,696469
"1023","Baltimore, Maryland",1912,36864,19583,450,41,16226,1073,790,NA,593553
"1024","Cincinnati, Ohio",1912,18913,NA,4224,NA,NA,679,NA,442,371122
"1025","San Francisco, California",1912,35594,14500,4179,73,NA,944,722,NA,434865
"1026","New Orleans, Louisiana",1912,26428,12233,NA,84,NA,NA,NA,NA,348703
"1027","Cleveland, Ohio",1912,7048,909,460,37,NA,623,NA,NA,607899
"1028","Buffalo, New York",1912,27064,14241,2031,30,1953,827,581,8888,440327
"1029","Washington, DC",1912,35739,12894,2171,25,6380,733,658,NA,352369
"1030","Newark, New Jersey",1912,9234,3796,258,35,2293,683,551,NA,360880
"1031","Louisville, Kentucky",1912,16326,10072,2497,52,NA,417,336,NA,226121
"1032","Detroit, Michigan",1912,21850,17470,2021,22,13119,961,782,NA,571348
"1033","Pittsburgh, Pennsylvania",1912,46185,32414,7651,12,24267,1290,719,19495,544793
"1034","Richmond, Virginia",1912,11073,4438,1016,27,NA,162,101,NA,136436
"1035","New Haven, Connecticut",1912,7723,3875,735,2,NA,195,132,NA,139391
"1036","Lowell, Massachusetts",1912,4516,3387,374,2,NA,NA,NA,NA,107587
"1037","Rochester, New York",1912,7172,6545,753,11,NA,339,294,1057,233669
"1038","Providence, Rhode Island",1912,11102,7472,669,5,NA,412,319,NA,226980
"1039","Milwaukee, Wisconsin",1912,8927,4471,1110,8,810,525,451,4377,390515
"1040","New York, New York",1913,182011,59150,6626,351,49734,10843,9384,NA,5022832
"1041","Philadelphia, Pennsylvania",1913,103673,62527,5189,156,NA,3894,2980,NA,1631439
"1042","Chicago, Illinois",1913,109764,54738,935,262,56529,5028,3533,NA,2340210
"1043","Boston, Massachusetts",1913,81767,55621,1218,67,1467,1706,1232,NA,693830
"1044","St. Louis, Missouri",1913,39357,17237,206,158,11700,NA,1400,5074,705054
"1045","Baltimore, Maryland",1913,42941,22066,397,44,17905,1079,790,NA,611087
"1046","Cincinnati, Ohio",1913,24054,4421,6614,41,NA,681,507,3712,374888
"1047","San Francisco, California",1913,37333,NA,NA,NA,NA,949,727,NA,443841
"1048","New Orleans, Louisiana",1913,30649,13470,1301,75,NA,NA,NA,NA,353518
"1049","Cleveland, Ohio",1913,13892,1896,926,30,NA,803,659,NA,631516
"1050","Buffalo, New York",1913,28401,14198,3306,16,NA,830,663,7538,448633
"1051","Washington, DC",1913,38396,13413,2274,35,6868,722,647,NA,363020
"1052","Newark, New Jersey",1913,9797,3643,247,49,2336,696,553,NA,367586
"1053","Louisville, Kentucky",1913,13390,9125,1467,49,NA,418,337,NA,227217
"1054","Detroit, Michigan",1913,26861,17470,2021,22,13119,961,782,NA,624140
"1055","Milwaukee, Wisconsin",1913,9892,4908,1455,10,775,561,475,4705,398844
"1056","Providence, Rhode Island",1913,NA,NA,NA,NA,NA,NA,NA,NA,228307
"1057","Rochester, New York",1913,7517,3346,696,6,NA,341,295,1738,241429
"1058","Pittsburgh, Pennsylvania",1913,45323,31878,7541,13,23416,NA,NA,NA,550236
"1059","Richmond, Virginia",1913,12428,4986,945,28,NA,162,NA,NA,140840
"1060","New Haven, Connecticut",1913,8556,4846,765,3,NA,203,140,NA,142285
"1061","Lowell, Massachusetts",1913,5331,3842,459,4,NA,NA,NA,NA,108234
"1062","New York, New York",1914,190184,NA,NA,NA,45914,10707,9255,NA,5108149
"1063","Philadelphia, Pennsylvania",1914,100629,58714,9072,156,NA,3896,2980,NA,1658916
"1064","Chicago, Illinois",1914,116895,52823,1188,301,63426,5093,3406,NA,2391852
"1065","Boston, Massachusetts",1914,89205,59839,1144,80,1225,1710,1278,NA,701578
"1066","St. Louis, Missouri",1914,38896,15078,223,155,12764,NA,1400,2852,713639
"1067","Baltimore, Maryland",1914,43573,21829,626,64,17469,1084,790,NA,628621
"1068","Cincinnati, Ohio",1914,25339,4989,7805,49,NA,696,522,3123,378653
"1069","San Francisco, California",1914,38615,NA,NA,NA,NA,974,747,NA,452818
"1070","New Orleans, Louisiana",1914,37468,14469,1930,65,NA,494,331,NA,358332
"1071","Cleveland, Ohio",1914,14427,1894,838,44,NA,828,680,NA,655134
"1072","Buffalo, New York",1914,33646,16067,3711,9,1617,830,663,40658,456939
"1073","Washington, DC",1914,37241,15072,2175,18,3369,713,638,NA,373670
"1074","Newark, New Jersey",1914,9771,3293,312,39,2427,740,589,NA,374291
"1075","Louisville, Kentucky",1914,12645,9203,1839,48,NA,429,348,NA,228313
"1076","Detroit, Michigan",1914,20510,NA,850,59,9957,NA,NA,NA,676931
"1077","Milwaukee, Wisconsin",1914,11380,5984,1515,14,720,586,500,8051,407173
"1078","Providence, Rhode Island",1914,10812,6789,909,7,NA,424,326,NA,229634
"1079","Rochester, New York",1914,7550,2878,947,5,NA,371,326,5687,249189
"1080","Pittsburgh, Pennsylvania",1914,47652,30604,9157,8,26787,NA,NA,NA,555780
"1081","Richmond, Virginia",1914,12170,4631,1341,37,NA,162,NA,NA,145244
"1082","New Haven, Connecticut",1914,9526,5128,1239,4,NA,206,137,NA,145178
"1083","Lowell, Massachusetts",1914,5458,3335,520,4,NA,NA,NA,NA,108880
"1084","New York, New York",1915,212452,66499,8793,452,42981,10664,9215,NA,5193465
"1085","Philadelphia, Pennsylvania",1915,91237,NA,NA,NA,NA,3916,3000,NA,1686393
"1086","Chicago, Illinois",1915,121714,54400,1685,264,69730,5331,3574,NA,2443494
"1087","Boston, Massachusetts",1915,88762,58218,1259,67,1368,1719,1330,NA,709326
"1088","St. Louis, Missouri",1915,39095,13987,231,199,12407,NA,1400,1219,722224
"1089","Baltimore, Maryland",1915,40978,20712,609,59,15930,1085,790,NA,646156
"1090","Cincinnati, Ohio",1915,25547,5841,7032,37,NA,712,576,4006,382419
"1091","San Francisco, California",1915,44131,NA,NA,NA,NA,978,NA,NA,461794
"1092","New Orleans, Louisiana",1915,37086,14917,1945,57,NA,520,350,NA,363147
"1093","Cleveland, Ohio",1915,14950,2564,1349,57,NA,NA,NA,NA,678754
"1094","Buffalo, New York",1915,31096,14551,4958,14,3425,907,685,NA,465245
"1095","Washington, DC",1915,37219,15537,2400,32,3564,713,638,NA,384320
"1096","Newark, New Jersey",1915,11230,3353,230,46,2463,765,616,NA,380996
"1097","Louisville, Kentucky",1915,12212,6978,1994,53,NA,429,348,NA,229410
"1098","Detroit, Michigan",1915,21687,7913,NA,NA,9931,NA,NA,NA,729722
"1099","Milwaukee, Wisconsin",1915,11292,5518,1362,8,905,612,525,8713,415502
"1100","Providence, Rhode Island",1915,10605,6577,824,9,NA,433,334,NA,230961
"1101","Rochester, New York",1915,7988,2895,835,9,NA,371,326,9972,256949
"1102","Pittsburgh, Pennsylvania",1915,45652,30740,7098,5,27497,NA,NA,NA,561224
"1103","Richmond, Virginia",1915,12728,5088,932,37,NA,190,136,NA,149648
"1104","New Haven, Connecticut",1915,10366,5773,983,3,NA,208,148,NA,148071
"1105","Lowell, Massachusetts",1915,5379,3267,509,6,NA,NA,NA,NA,109526
"1106","New York, New York",1916,200901,35984,NA,403,40688,10596,9146,NA,5278782
"1107","Philadelphia, Pennsylvania",1916,95783,57039,4975,213,NA,3928,3000,NA,1713870
"1108","Chicago, Illinois",1916,111587,49942,872,264,71207,5277,3549,NA,2495136
"1109","Boston, Massachusetts",1916,94476,65575,1082,82,1312,1737,1326,NA,717075
"1110","St. Louis, Missouri",1916,42516,13739,325,346,13635,NA,1400,2633,730809
"1111","Baltimore, Maryland",1916,44488,22445,555,59,18181,1149,790,NA,663690
"1112","Cincinnati, Ohio",1916,32271,7220,7589,63,NA,727,593,1866,386185
"1113","San Francisco, California",1916,51430,NA,NA,NA,NA,985,NA,NA,470770
"1114","Buffalo, New York",1916,35144,17938,5366,34,4785,907,685,NA,473551
"1115","Washington, DC",1916,39377,14569,2057,35,3280,715,639,NA,394970
"1116","Newark, New Jersey",1916,12191,3862,130,57,2175,767,638,NA,387702
"1117","Detroit, Michigan",1916,29541,13390,348,117,12391,NA,NA,NA,782513
"1118","Milwaukee, Wisconsin",1916,11101,5151,1311,6,870,627,540,3811,423831
"1119","Rochester, New York",1916,7792,2569,765,10,NA,371,326,3627,264709
"1120","Richmond, Virginia",1916,13220,4803,1073,29,NA,225,145,NA,154052
"1121","New Haven, Connecticut",1916,12687,7327,773,8,NA,258,175,NA,150964
"1122","Lowell, Massachusetts",1916,5930,3717,342,9,NA,NA,NA,NA,110173
"1123","New York, New York",1917,187913,NA,NA,566,39704,NA,NA,NA,5364098
"1124","Philadelphia, Pennsylvania",1917,96041,50212,3961,250,NA,4471,3780,NA,1741347
"1125","Chicago, Illinois",1917,137910,55653,662,260,86823,5199,3585,NA,2546778
"1126","Boston, Massachusetts",1917,108556,74118,1379,113,1859,1785,1331,NA,724823
"1127","St. Louis, Missouri",1917,54400,12275,1397,231,10874,NA,1400,226,739394
"1128","Baltimore, Maryland",1917,49147,22623,608,51,20050,1152,790,NA,681224
"1129","San Francisco, California",1917,47809,NA,NA,NA,NA,990,NA,NA,479746
"1130","Buffalo, New York",1917,35853,18479,3586,39,4353,903,685,NA,481857
"1131","Washington, DC",1917,39562,14505,2001,43,2939,764,688,NA,405620
"1132","Newark, New Jersey",1917,12388,3478,91,59,2317,795,623,NA,394408
"1133","Detroit, Michigan",1917,37764,19658,206,201,10815,1467,1200,NA,835304
"1134","Milwaukee, Wisconsin",1917,12107,4738,1645,6,865,627,540,1609,432160
"1135","Rochester, New York",1917,5882,1730,789,8,NA,407,356,3642,272469
"1136","Richmond, Virginia",1917,10243,3888,536,34,NA,225,145,NA,158456
"1137","New Haven, Connecticut",1917,12188,6688,507,12,NA,261,199,NA,153857
"1138","Lowell, Massachusetts",1917,6890,4228,443,15,NA,184,157,NA,110820
"1139","New York, New York",1918,170159,NA,NA,601,37717,8972,7065,NA,5449414
"1140","Philadelphia, Pennsylvania",1918,94039,41668,2834,395,NA,4475,3780,NA,1768824
"1141","Chicago, Illinois",1918,110819,45414,1080,264,71623,4706,3185,NA,2598421
"1142","Boston, Massachusetts",1918,90293,56107,1415,119,4562,1877,1446,NA,732571
"1143","St. Louis, Missouri",1918,49630,10482,650,192,5342,NA,1400,101,747979
"1144","Baltimore, Maryland",1918,62076,27360,452,67,22957,1158,790,NA,698758
"1145","Buffalo, New York",1918,35902,17759,1260,44,5665,890,685,NA,490163
"1146","Washington, DC",1918,43245,8150,2100,40,3371,772,700,NA,416271
"1147","Newark, New Jersey",1918,13087,3241,40,63,2696,805,665,NA,401113
"1148","Detroit, Michigan",1918,38210,17548,253,237,11688,NA,NA,NA,888096
"1149","Milwaukee, Wisconsin",1918,10039,3880,1565,19,850,627,540,320,440489
"1150","Rochester, New York",1918,4232,911,482,10,NA,407,356,2503,280229
"1151","Richmond, Virginia",1918,11963,3569,465,33,NA,223,150,NA,162860
"1152","New Haven, Connecticut",1918,11480,5582,711,11,NA,258,199,NA,156751
"1153","Lowell, Massachusetts",1918,7989,3936,1156,32,NA,180,150,NA,111466
"1154","New York, New York",1919,220149,NA,NA,639,43619,10463,9387,NA,5534732
"1155","Philadelphia, Pennsylvania",1919,75618,28989,3844,305,NA,NA,NA,NA,1796301
"1156","Chicago, Illinois",1919,96676,35608,753,281,59892,5120,3573,NA,2650063
"1157","Boston, Massachusetts",1919,67947,36310,1822,107,3232,1681,1343,NA,740320
"1158","St. Louis, Missouri",1919,45876,6118,866,230,4897,1584,1400,133,756564
"1159","Baltimore, Maryland",1919,50027,20625,418,21,18550,1233,842,NA,716292
"1160","Buffalo, New York",1919,31326,13351,3088,24,5344,1086,830,NA,498469
"1161","Washington, DC",1919,53356,11497,351,49,4506,854,766,NA,426921
"1162","Newark, New Jersey",1919,11510,2572,30,78,1864,838,662,NA,407818
"1163","Detroit, Michigan",1919,NA,NA,NA,NA,NA,NA,NA,NA,940887
"1164","Milwaukee, Wisconsin",1919,9138,2579,1009,12,848,646,540,348,448818
"1165","Richmond, Virginia",1919,12463,2809,532,30,NA,225,140,NA,167264
"1166","New Haven, Connecticut",1919,9352,3473,638,9,NA,270,204,NA,159644
"1167","Lowell, Massachusetts",1919,5484,2608,586,21,NA,184,155,NA,112113
"1168","New York, New York",1920,266749,NA,NA,743,50547,10905,9387,NA,5620048
"1169","Philadelphia, Pennsylvania",1920,73015,25653,1645,356,NA,NA,NA,NA,1823779
"1170","Chicago, Illinois",1920,94453,32859,381,300,58257,5152,3683,NA,2701705
"1171","Boston, Massachusetts",1920,58817,22411,2191,88,3071,1964,1614,NA,748060
"1172","Baltimore, Maryland",1920,41988,13443,372,34,14976,1240,842,NA,733826
"1173","Buffalo, New York",1920,24436,8491,1619,30,5083,1014,768,NA,506755
"1174","Washington, DC",1920,48930,8096,388,71,3796,934,729,NA,437571
"1175","Newark, New Jersey",1920,14798,2605,NA,66,1437,890,758,NA,414524
"1176","Detroit, Michigan",1920,NA,NA,NA,NA,NA,NA,NA,NA,993678
"1177","Milwaukee, Wisconsin",1920,10545,2386,893,11,640,694,588,267,457147
"1178","New Haven, Connecticut",1920,7934,3186,535,3,NA,277,208,NA,162537
"1179","Lowell, Massachusetts",1920,3932,2003,280,23,NA,NA,NA,NA,2759
